user_id,session_id,session_items
0,0,"34, 26, 187, 86, 111, 141, 102, 89, 3, 151, 29, 120, 94, 123, 38, 143, 51, 176, 109, 100, 138, 14, 105"
0,1,"123, 156, 97"
0,2,"132, 119, 47, 114, 92, 141, 33"
1,0,"187, 46, 25, 125, 13, 23, 164, 50, 160, 4, 63, 100, 84, 123, 44, 167, 48, 192, 10, 119, 28, 68, 31"
2,0,"99, 19, 33, 4, 140, 105, 175, 111, 123, 5, 46, 127, 192, 156"
2,1,"188, 103, 71, 47, 129"
2,2,"70, 79, 152, 188, 60, 171, 13, 91, 197, 181, 122, 7"
3,0,"48, 134, 109, 173, 88, 120, 119, 182, 164, 13, 8, 186, 91, 7, 70"
4,0,"46, 61, 9, 169, 88, 157, 15, 175, 193, 136, 141, 147, 102, 39, 69, 44, 40, 86"
4,1,"126, 82, 131, 42, 130, 56, 136, 57, 141, 73, 71, 77, 14, 89, 5, 64"
4,2,"151, 13, 80, 97, 199, 129, 85, 37, 73, 117, 33, 131, 25"
6,0,"1, 101"
7,0,"132, 146, 61, 139, 152, 52, 28, 86, 153, 140, 73, 24, 186, 49, 7, 12, 125, 94, 75, 41, 176"
7,1,"196, 182, 145, 92, 20, 47, 158, 184, 132, 151, 101"
9,0,"156, 87, 96, 172, 88, 7, 147, 112, 153, 199, 136, 192, 148"
11,0,"88, 123, 46, 71, 173, 119, 50, 155, 154, 44, 79, 34, 96, 166, 45, 140, 19"
13,0,"69, 120, 26, 86, 108, 151, 199, 12, 70, 193, 98, 142, 114, 94, 77"
13,1,"199, 172, 76, 77, 85, 148, 99, 65, 56, 95, 132, 124, 23, 70, 75, 178, 98, 90, 101, 38, 120, 134, 131, 192, 142, 151, 128"
13,2,"53, 160, 40, 121, 132, 7"
13,3,"142, 20, 25, 68, 127, 123, 191, 1, 56, 112"
13,4,"111, 189, 139, 75, 58, 199, 29, 25, 123, 140"
15,0,"86, 121, 156, 161, 10, 76, 151, 182, 108, 7, 153, 105, 147, 168, 92, 61, 94, 16, 139, 89, 84, 71"
16,0,"46, 191, 146, 185"
17,0,"116, 181, 36, 40, 187, 56, 149, 69, 90, 89, 186, 160, 113, 143, 28, 20, 35, 84, 72, 193, 47, 41"
17,1,"82, 139, 126, 15, 79, 183, 1, 54, 145, 91, 86, 164, 39, 167, 98, 149, 57, 108, 63, 28, 144, 102, 77, 18"
17,2,"149, 23, 188, 132, 141, 40, 112, 86, 108, 11, 50, 199"
20,0,"46, 173, 23, 62, 187, 6, 53, 191, 195, 96, 87, 41, 184, 112, 91"
20,1,"174, 152, 189, 31, 73, 171, 164, 130, 10, 36, 86, 199"
20,2,"66, 142, 33, 1, 160, 162, 171, 32, 65, 161, 194, 87, 3, 141, 77, 4, 155, 93, 124, 187, 83, 111, 165"
20,3,"13, 56, 173, 21, 16, 176, 61, 143, 151, 167, 14, 75, 49, 96, 26"
21,2,"193, 173, 127, 177, 33, 60, 145, 152"
21,3,"25, 168, 136, 97, 96, 188, 70, 99, 73, 41, 197, 137, 165, 112, 10, 77, 69, 52, 155, 56, 60, 88, 4, 123"
21,4,"164, 57, 101, 100, 69, 92, 56, 198, 134, 155, 188, 18, 195, 171, 38, 41, 172, 122, 48, 93, 98, 15, 13, 44"
21,5,"145, 89, 156, 94, 187, 175, 184, 10, 155, 148, 76, 61, 93, 179, 182, 29"
22,0,"45, 99"
23,0,"13, 180"
23,1,"127, 96, 117, 77, 140, 136, 69, 89, 122, 70, 101, 19, 151, 185, 187, 198, 24, 135, 65, 100, 25, 192"
24,0,"159, 18, 73, 101, 190, 127, 117, 189, 20, 150, 34, 89, 156, 122, 14, 8, 197, 15, 42, 13, 48, 131, 115, 3, 77, 157"
25,0,"52, 15, 29, 151, 77, 4, 171, 26, 123, 136, 148, 39, 79, 124, 71, 190, 99, 125, 58, 51, 192, 159"
25,1,"102, 94, 136, 34"
25,2,"156, 22, 47, 32, 77, 83, 105, 3, 189"
26,0,"146, 64, 77, 70, 18, 60, 175, 82, 8, 127, 133, 155, 123, 176, 5, 197"
27,0,"101, 29, 185, 17, 116, 131, 15, 127, 112, 21, 72, 187, 139, 93, 70, 82, 128, 155, 86, 69, 104, 87, 20, 179"
27,1,"111, 158, 69, 48, 198, 193, 10, 134, 181"
27,2,"145, 61, 150"
28,0,"5, 136, 15, 177, 126, 178, 194, 185, 139, 134, 82, 199, 154, 21, 49, 28, 105"
28,1,"56, 84, 132, 199, 5, 172, 167, 77, 155, 69, 47, 40, 73, 100, 148, 143"
28,2,"156, 122, 25, 155, 92, 187, 74, 19, 38, 56, 178, 87"
28,3,"89, 188, 99, 194, 93, 173, 151, 171, 3"
29,0,"178, 25, 124, 123, 193, 149, 127, 77, 10, 104"
29,1,"4, 167, 5, 102, 79, 184, 127, 87, 150, 66, 185, 50, 11, 115, 136"
29,2,"126, 99, 127, 26, 111, 68, 41, 129, 30, 61, 73, 156, 55, 24, 44, 53, 125, 187, 56, 84, 33, 112"
30,0,"48, 24, 59, 197, 157, 154, 120, 87, 137, 132"
30,1,"167, 96, 160, 142, 6, 8, 58, 94, 198"
30,2,"51, 152, 101, 181"
30,4,"61, 151, 119, 86, 103, 37, 33, 20, 187, 102, 131, 83, 158, 7, 99"
31,0,"70, 105, 102"
31,1,"11, 166, 7, 49, 89, 183, 41, 147, 36, 127, 55, 170, 77, 179, 165, 133, 15"
31,2,"45, 73, 171, 93, 46, 121"
31,3,"187, 102, 188, 161, 40, 46, 146, 11, 93, 182, 193, 134, 21, 9, 98, 26, 148, 150, 5, 71, 183, 105, 41, 62, 7"
32,0,"183, 101, 145, 82, 47, 151, 194, 198, 1, 64, 188, 44, 116, 99, 114, 187, 98, 162, 111, 180, 168"
33,0,"84, 44, 29, 196, 52, 150, 94, 181, 3, 175, 120, 161, 129, 127, 194, 77, 117, 173, 6, 37, 70, 131, 71"
33,1,"182, 188, 165, 7, 175, 122, 178, 94, 16, 54, 172, 127, 77, 82, 28, 30, 142, 192, 126, 101"
33,3,"174, 178, 52, 152, 132, 190, 14, 155"
34,0,"119, 61, 148, 175, 24, 177, 98, 101, 123, 72, 141"
34,1,"28, 190, 151, 139, 111, 127, 100, 7, 162, 33, 44, 91, 123, 160, 71, 158, 101, 96, 94, 179, 14, 130, 5, 150, 40"
34,2,"138, 117, 47, 12, 164, 28, 57, 5, 109, 99, 188, 179, 106, 197, 147, 81, 154, 148, 134, 71, 184, 73, 65, 155, 171, 120"
34,3,"120, 126, 175, 123, 128, 38, 85, 184, 115, 182, 22, 49, 77, 21, 145, 151, 46, 83, 190, 11"
34,4,"6, 134, 150, 122, 73, 102, 78, 181"
34,5,"48, 161, 54, 143, 187, 39, 89"
34,6,"52, 2, 197, 166, 91, 102, 109, 177, 66, 46, 150, 160, 24, 69, 189"
36,0,"19, 178, 139, 18, 68, 87, 159, 85, 70, 118, 175, 0, 141, 158, 31, 45, 131, 197"
36,1,"150, 52, 171, 161, 139, 184, 58, 178, 61, 148, 53"
36,2,"179, 61, 161, 138, 89, 19, 194, 73, 178, 131, 9, 38, 144, 35, 182, 114, 52, 14, 41"
37,0,"56, 193, 32, 162, 60, 121, 26, 50, 173, 126, 99, 118, 152, 85, 124, 194, 141, 116"
37,1,"82, 189, 152, 13, 73, 3, 193, 76, 151, 105, 116"
37,2,"121, 91, 61, 11, 28, 37, 0, 13, 63, 1"
37,3,"55, 20, 96, 171, 156, 172, 145, 84, 136, 117, 187, 183, 41, 36, 173, 92, 147, 168, 18, 179, 190"
39,0,"71, 50, 83, 117, 123, 70, 65, 69, 75, 38, 98, 4, 24, 80"
39,1,"32, 198, 28, 128, 149, 38, 134, 150, 61, 78, 68, 73, 143, 36, 151, 117, 47, 17, 62"
39,2,"39, 56"
40,0,"177, 148, 149, 101, 33, 94, 153, 31, 73, 28, 151, 7, 26, 113, 42, 82, 25, 145, 21, 123, 15, 3, 18, 125, 147"
41,0,"187, 89, 61, 47, 146, 63, 0, 38, 75, 103, 193, 149, 182, 198, 31, 109, 179, 126, 46, 97, 117, 145, 127, 188, 6"
41,1,"65, 128, 53, 8, 101, 77, 93, 193, 187, 123, 156, 127, 175, 177, 138, 180, 116, 91, 81, 63, 37, 176, 136, 171, 86, 61, 150, 14"
41,2,"87, 95, 6, 93, 161, 68, 150, 149, 188, 3, 54, 57, 79"
41,3,"135, 87, 51, 39, 119, 131, 80, 21, 46, 139, 152, 198, 179"
42,0,"89, 160"
42,1,"199, 62, 93, 196, 167, 46, 8, 119, 179, 69, 156, 131, 121, 28, 13, 3, 100"
42,2,"199, 24, 100, 48, 31, 112, 131, 165, 33, 122, 145"
42,3,"15, 13, 21, 183, 124, 111, 147, 26, 101, 128, 72"
42,4,"105, 155, 118, 31, 73, 57"
42,5,"25, 96, 103, 51, 155, 147, 50, 177, 132, 149, 185, 15, 53, 19, 165, 47, 152, 55, 173, 145, 191, 123, 99, 77, 136, 69, 117"
45,0,"54, 197, 70, 126, 172, 38, 1, 108, 102, 140, 147"
45,1,"84, 49, 89, 122, 181, 28, 62"
45,2,"61, 114, 124, 145, 28, 119, 30, 174, 10, 175, 14, 46, 196, 184, 125, 188, 181, 19, 107, 48, 86, 15, 131, 167, 127"
46,0,"135, 103, 63, 190, 79, 2, 88, 72, 127, 109, 73"
46,1,"65, 102, 21, 121"
46,2,"194, 21, 80, 169, 168, 141, 100, 190, 15, 191, 25, 89, 184, 131, 101, 136"
46,3,"111, 126, 125, 4, 92, 182, 3, 50, 101, 162, 46, 86"
46,4,"48, 18, 7, 72, 89, 143, 45, 161, 138, 198, 131, 109, 32, 75, 74, 62, 30, 185, 197, 150, 4, 57, 154, 47"
46,5,"82, 104, 72, 93, 145, 142, 101"
47,0,"35, 167, 71, 161, 150"
47,1,"25, 48, 127, 131, 11, 84, 99, 65, 46"
47,2,"172, 187, 102, 93, 101, 136, 154, 15, 199, 77, 74"
48,0,"9, 135, 49, 25, 193, 39, 37, 19, 144, 136, 164, 166, 94, 126, 140, 67, 185, 74, 13, 22, 127, 72"
49,0,"171, 31, 63, 59"
49,1,"11, 109, 7, 71, 127, 45, 101, 157, 2, 121, 43, 26, 120, 37, 136, 175, 122, 40, 15, 158, 179, 52, 82"
49,2,"61, 94, 98, 122, 169, 156, 123, 50"
49,3,"14, 171, 96, 48, 158, 63, 145, 20, 89"
51,0,"142, 136, 107, 12, 92, 171, 46, 178, 99, 112, 162, 14, 75, 39, 53, 58"
51,1,"196, 198, 193, 4, 29, 47, 181, 61, 56, 127, 94, 120, 8, 75, 131, 60, 70, 98, 26, 137, 185, 136, 39"
51,2,"19, 52, 171, 23, 100, 20"
53,0,"76, 0, 156, 140, 187, 152, 41, 21"
55,0,"181, 89, 50, 44, 149, 42, 123, 197, 187, 142, 67, 102, 117, 145, 183, 4, 43, 96, 148, 150, 174, 18, 151, 186, 128, 29"
55,1,"68, 156, 100, 97, 192, 187, 182, 197, 29, 41, 72, 102, 136, 174, 149, 167, 92, 2, 152, 141, 38, 7, 175, 199, 64"
55,2,"84, 162, 160, 155, 86, 175, 3"
57,0,"115, 105, 43, 55, 168, 18, 10, 60, 147, 171, 70, 162, 165, 54, 40, 148, 32, 86, 75, 140, 21, 102, 170, 109, 107, 96, 57"
57,1,"101, 173, 161, 151, 149, 136, 45"
60,0,"96, 149, 15, 73, 131, 25"
60,1,"52, 148, 193, 173, 134, 95, 132, 92, 164, 122, 14, 195, 172, 149, 153, 101, 180, 136, 32, 61"
60,2,"137, 91, 53, 190, 156, 115, 174, 199, 131, 67, 129, 105, 54, 15, 119, 101, 37, 102, 79, 76, 57, 135, 47, 198, 50, 183"
61,0,"172, 151, 65, 47, 179, 70, 180, 150, 131, 25"
61,1,"2, 157, 99, 163, 24, 77, 36, 54"
61,3,"182, 125, 29, 89, 103, 147, 187, 88, 19, 155, 68, 4, 131, 44, 148"
62,0,"15, 165, 117, 134, 164"
62,1,"24, 123"
62,2,"29, 151, 7, 34, 112, 4, 78, 73, 131, 49, 122, 173, 46"
62,3,"9, 104, 172, 160, 71, 74, 171, 117, 137, 122, 148, 26, 169, 132, 136, 89, 7, 131, 77, 176"
63,0,"61, 42, 140, 157, 84, 36, 60, 122, 129, 5, 117, 71, 26, 99, 70, 78, 50, 62, 28, 102, 183, 27, 161, 164, 83, 73"
63,1,"155, 179, 89, 15, 94, 100, 96, 0, 33, 63, 177, 192, 90, 168, 24, 79, 112, 87, 86, 140, 11"
63,2,"43, 96, 115, 168, 10, 20, 56, 63, 152, 7, 68, 147, 162, 171, 131, 158, 173, 151, 179"
64,0,"123, 126, 164, 145, 91, 33, 125, 47, 10, 149, 7, 46, 105, 189, 73, 37, 100"
64,1,"91, 48, 12, 167, 152, 138, 170, 41, 24, 175, 54, 155, 140, 126, 100"
64,2,"106, 145, 169, 148, 156, 45, 99, 130, 6, 86, 128, 22"
64,3,"77, 125, 143, 184, 98, 89, 61, 58, 43, 177, 181, 26, 5, 51, 128, 108, 83, 75"
65,0,"191, 13, 192, 25, 136, 24, 39, 155, 157, 38, 151, 160, 53"
66,0,"71, 187, 150, 177, 39, 15, 101, 117, 10, 106, 7, 103, 198, 55, 70, 81, 82, 14, 42"
67,0,"28, 20, 97, 101, 53, 185, 52, 177, 50, 148, 152, 68, 114, 98, 70, 23, 187, 132, 131, 32, 151, 71, 36, 43, 94"
67,1,"93, 132, 161, 171, 166"
67,2,"40, 27, 62, 171, 172, 155, 107, 13, 119, 162, 151, 137, 10, 198, 173, 113, 167, 199, 159, 187, 20"
68,0,"117, 173, 48, 93, 133, 166, 125, 41, 136, 62, 64, 143, 17, 172, 92, 94"
68,1,"44, 137, 122"
69,0,"162, 73, 129, 20, 115, 151, 117, 161, 32, 99, 79, 158, 100, 136, 183, 78, 149, 53, 101, 197, 47, 163, 71, 155"
70,0,"68, 43, 171, 183, 100, 147, 13, 88, 186, 151, 34, 131, 146, 15, 16, 7, 149, 11, 18, 113, 14, 108, 106"
70,1,"153, 40, 193, 102, 120, 155, 171, 159, 7, 60, 127, 62, 33, 53, 97, 43, 95, 173, 160, 115, 64, 191, 73, 136"
71,0,"64, 73, 93, 138"
71,1,"70, 84, 81, 77, 38, 45, 11, 105, 196, 12, 120, 173, 193, 148, 46, 28"
72,0,"48, 138, 116, 2, 87"
73,0,"190, 196, 123, 162, 199, 125, 121, 88, 169, 197, 122, 90, 106, 15, 150, 39, 114, 62, 10, 100, 99, 76, 48, 21, 24"
75,0,"26, 178, 160, 2, 15, 52, 82, 131, 50, 109, 193, 122, 14, 181"
75,1,"71, 188, 122, 151, 46, 102, 77, 145, 86, 76, 119, 8"
75,2,"69, 46, 194, 171, 125, 14, 87, 155, 108, 0, 22, 145, 28, 147, 137, 99, 26, 124, 173, 112, 82, 115"
75,3,"165, 32, 119, 171, 61, 163, 110, 67, 70, 134, 152, 151, 69, 39, 198, 89, 20, 169, 84, 115, 83, 161, 109, 7"
76,0,"108, 165, 94, 46, 23, 198, 193, 184, 47, 51, 73, 126, 127, 155, 149, 182, 148, 187, 123, 72, 50, 117, 119, 28, 131, 4, 96, 56, 139, 154, 98, 7"
76,1,"117, 187, 136, 171, 13, 131, 167, 148, 71, 115, 0, 24, 122, 70, 47, 96, 40, 15, 56"
76,2,"156, 151, 188, 146, 84, 31, 105, 26, 126, 192, 160, 150, 100, 186, 49, 87, 155, 174, 161, 148, 23, 43, 29, 96, 127, 102"
76,3,"136, 27, 56, 4, 86, 15, 169, 69, 47, 53, 183, 124, 113, 190"
76,4,"3, 26, 161, 8, 94, 37, 123, 46, 69, 89, 196, 73, 41, 62, 187, 77, 155"
77,0,"150, 50, 68, 88, 70, 89, 12, 57, 48, 109, 58, 189, 172, 27, 161, 179, 59, 102"
77,1,"136, 187, 24, 47, 87, 2, 128, 48, 8, 118, 163, 46, 45, 84, 19"
78,0,"53, 2, 50, 121, 101, 164"
79,0,"162, 77, 61, 81, 80, 168, 159, 134"
80,0,"84, 79, 190, 118, 199, 9, 20, 43, 82, 107, 61, 65"
80,1,"51, 151, 153, 52, 191, 105, 8, 12, 101, 26, 6, 119, 50, 165"
81,0,"86, 153, 146, 177, 33, 105, 95, 163, 162, 102, 91, 89, 31, 160, 149, 26, 151, 122, 156, 25, 3, 117"
81,1,"34, 77, 100, 178, 42, 148, 131, 13, 82, 73, 162, 105, 64, 149, 168, 164"
81,2,"168, 106, 94, 72, 196, 68, 40, 152, 99, 177, 4, 160, 65, 155, 131, 123, 137, 17, 24, 151, 21, 148, 71, 102"
81,3,"46, 106, 47, 33, 148, 99, 162, 48, 1, 127, 145, 187, 56, 52, 27, 122, 101, 51, 3, 84, 120, 166, 100"
81,4,"122, 48, 26, 73, 152, 56, 125, 187, 149, 165, 86, 83, 96, 191"
81,5,"98, 156, 131"
81,6,"125, 86, 122, 96, 70, 120, 46, 156, 4, 116, 100, 71, 89, 160, 187, 172, 169"
82,0,"184, 61, 10, 147, 137, 7, 112, 188, 177"
82,1,"50, 155, 136, 57, 151"
82,2,"80, 56, 64, 93, 7, 126, 187, 68, 69, 51, 112, 39, 89, 147, 77, 182, 183, 127, 73, 129, 5, 62, 104, 61, 47, 33, 123, 76, 70, 198, 84, 150, 20, 161"
82,3,"38, 61, 13, 92"
83,0,"120, 168, 162, 36, 7, 171, 151, 10, 52, 118, 67, 145, 0, 84, 65, 26, 70, 31"
85,0,"135, 77, 171, 39, 90, 152, 125, 50, 114, 8, 28, 156, 112, 70"
85,1,"182, 93, 49, 131, 94, 39, 101, 171, 132"
85,2,"3, 185, 117, 49, 50, 53, 20, 52, 73, 47"
86,1,"196, 126, 15, 97, 2, 8, 171, 64, 132, 75, 7, 199, 92, 131, 60, 29, 52"
86,2,"61, 7, 178, 159, 153, 179, 98, 29, 106, 63, 72, 156"
86,3,"119, 19, 45, 164, 60, 0, 46, 62, 122, 171, 132, 33, 188, 189, 136, 92, 183, 1, 73"
87,0,"171, 127, 50, 31, 4, 93, 131, 191, 7, 181, 78, 24, 157, 135, 61, 0, 11, 29, 53, 151, 100, 108, 15, 86, 84, 121"
87,1,"198, 181, 94, 161"
87,3,"193, 156, 80, 195, 84, 127, 30, 152, 167, 171, 170, 132, 73, 182, 48, 175, 185, 17"
87,4,"145, 101, 11, 53, 69, 20, 54, 61, 99, 148, 150"
89,0,"44, 139, 146, 58, 115, 129, 77, 179, 29, 3, 162, 183, 193, 102, 91, 94"
89,1,"158, 26, 131, 120, 116, 50, 81, 52"
90,0,"156, 5, 150, 140, 151, 46, 13, 102, 199, 56, 78, 96, 141, 99, 191, 22"
90,1,"42, 70, 16, 18, 100, 149, 156, 99, 172"
91,0,"64, 151, 48, 87, 31, 156, 161, 68, 145, 150, 184, 83, 41, 84, 100, 104, 79, 49, 93, 96, 199, 167, 107, 12"
91,1,"131, 33, 167, 61, 0, 148, 147, 117, 150, 190, 123, 98, 188, 96, 136, 135"
93,1,"78, 94, 4"
93,2,"75, 10, 142, 39, 86, 59, 68, 140, 50, 126, 15, 102, 110, 198, 162, 148, 7, 178"
94,0,"101, 128, 140, 94, 99, 74, 127, 152, 92, 105, 186, 145, 180, 90"
94,1,"15, 199, 179, 125, 167, 132, 81, 107, 136, 88, 146, 60, 13, 134, 182, 191, 57, 94, 175, 100, 163, 77, 156, 128"
96,0,"182, 112, 122, 40, 136, 187, 177, 34, 84, 101, 45, 148, 161, 5, 184, 70, 186, 79, 77, 26, 127, 149"
96,1,"88, 120, 128, 177, 157, 65, 171, 40, 178, 46, 173, 44, 13, 84, 169"
98,0,"125, 71, 142, 161, 94, 25, 52, 119, 26, 56, 162, 193, 179, 144, 8, 34"
98,1,"168, 145, 154, 64, 110, 181, 22, 166, 197, 190, 136, 46, 187, 25, 66"
98,2,"57, 79, 5, 131, 89, 24, 105, 185, 68, 166, 56, 72, 135, 172, 139, 94, 197, 186, 83, 118"
99,0,"123, 99, 164, 3, 26, 145, 19, 155, 15, 27, 55, 46, 194, 44, 131, 52, 41, 174, 168, 193, 138, 162, 84, 8, 68, 111, 25"
99,1,"155, 187, 194, 128, 199, 70, 83, 101, 79, 96, 7"
99,2,"187, 182, 29, 181, 152, 12, 161, 47, 157"
99,3,"104, 163, 20, 173, 101, 46, 1, 125, 31, 93, 26, 178, 148, 197, 42, 24, 86, 198, 50, 33, 152, 61"
99,4,"98, 47, 120, 128, 136, 25, 84, 191, 65, 129, 40, 141, 82, 61, 106, 182, 117, 105, 109, 181, 83, 189"
100,1,"119, 121, 101, 170, 191, 26, 148, 131, 187, 174, 13, 93"
100,2,"197, 122, 171, 57, 169, 68, 179, 188, 118, 129, 168, 61, 162, 10, 94, 191"
100,3,"7, 192, 17, 32, 77, 128, 29, 60, 127, 13, 15, 145"
101,0,"151, 26, 113, 69, 181, 30, 23, 182, 25, 72, 187, 117, 42, 56, 5"
101,1,"14, 146"
102,0,"19, 94, 5, 163, 3, 180, 149, 158, 101, 65, 128, 123, 95, 148, 20, 197, 143"
102,1,"120, 50"
102,2,"39, 168, 3, 158, 47, 111, 139, 48, 191, 187"
103,0,"95, 73, 82, 173, 120, 101, 59, 79, 140, 76, 115, 92, 106, 116, 7, 131, 21, 61"
103,1,"194, 73, 187, 132, 92, 96, 7, 61, 121, 122, 99, 100, 168, 21, 45, 188, 152, 29, 102, 136, 77, 88"
103,2,"100, 148, 20, 155, 110, 101, 154, 95, 99, 175, 106, 61, 93, 196"
103,3,"123, 126, 13, 9, 139, 98, 116, 8, 90, 120, 49, 192, 48, 197, 55, 82, 68, 26, 65, 44, 92, 196, 156, 173"
103,4,"169, 143, 193, 4, 94, 197, 119, 49, 85, 89, 123, 136, 48, 62, 184, 13, 36, 53"
104,0,"42, 129, 123, 164, 41, 115, 53, 48"
104,1,"96, 70, 67, 106, 160, 39, 125, 155"
104,2,"188, 115, 111, 171, 73, 161, 173"
105,0,"199, 7, 77, 172, 50, 155, 150, 66, 158, 15, 177, 114"
105,1,"26, 187, 161, 89, 177"
105,2,"15, 182, 157"
105,3,"93, 145"
107,0,"61, 118, 37, 64, 198, 178, 145, 40, 79, 11, 89, 16, 50, 25, 155, 75, 57, 158"
107,1,"95, 42, 49, 192, 104, 136, 10, 110, 148, 131, 3, 165, 54"
107,2,"147, 156, 160, 57, 178, 33, 45, 165, 162, 73, 7, 194, 151, 80, 62, 141, 155, 100, 87, 182, 95, 163, 46, 127"
109,0,"113, 84, 80, 166"
109,1,"78, 39, 64, 82, 37, 162, 87, 56, 112, 146, 95, 198, 178, 96, 99, 171, 54, 144, 45, 16"
109,2,"14, 7, 80, 171, 62, 159, 21, 160"
110,0,"136, 58, 38, 171, 67, 130, 123, 168, 198, 143, 193, 95, 127, 96, 114, 139, 187"
110,1,"190, 40, 8, 97"
112,0,"182, 152, 82, 65, 77, 148, 188, 121, 71, 61, 49, 62, 171, 103, 73, 117, 105, 124, 134, 16, 120, 131, 89, 68"
113,0,"25, 127, 119, 125, 105, 160, 162, 101, 161, 47, 5, 58, 121, 31, 60, 171, 143, 79, 96, 195, 3, 89, 61, 85"
113,1,"160, 11, 101, 47, 175, 70, 165, 157, 154, 29, 176, 162, 137, 77, 188, 42, 50, 179, 30, 78, 98, 131, 187, 197"
114,0,"180, 5, 77, 69, 99, 155, 7, 94, 122, 136, 41"
116,0,"128, 40"
116,1,"29, 145, 33, 7, 177, 138, 50, 59, 12, 155, 164, 115, 105, 183, 135, 120, 160, 134, 26, 198, 52, 101, 167, 71, 194, 182, 104"
117,0,"135, 78"
117,1,"94, 185, 148, 93, 15, 161, 25, 34, 57, 179, 29, 11, 28, 184, 46, 82, 186, 88, 193, 13"
119,1,"50, 115, 165, 122, 46, 188, 117, 99, 132, 171, 56, 199, 69, 172, 70"
119,2,"79, 3, 193, 170"
121,0,"148, 15, 183, 130, 119, 69, 36, 165, 29, 146, 187, 42, 153, 82, 150"
121,1,"8, 77, 132, 29, 179, 38, 191, 48"
121,2,"97, 15, 99, 147, 126, 133, 61, 135, 8, 100, 159, 10, 19, 9, 82, 177, 158, 162, 115, 103, 175, 78, 81, 70"
121,3,"148, 38, 50, 41, 179, 26, 69, 197, 155, 15, 21, 140, 168, 102, 28, 143, 90, 127"
122,0,"150, 113, 141, 91, 56, 109, 27, 6, 190, 123, 148, 75, 62, 89, 45, 94, 71, 15, 161, 68, 182, 116, 86, 39, 147"
122,1,"75, 149, 174, 112, 14, 10, 165, 25, 54, 92, 181, 156, 20, 152, 87, 41, 7, 89, 56"
123,0,"15, 46, 144, 139, 157"
123,1,"156, 84, 178, 124, 179, 97, 89, 148, 173, 168, 122, 166, 101"
123,2,"117, 173, 96, 89"
123,3,"59, 119, 99, 136, 25"
123,4,"166, 73, 127, 93, 152, 25, 161, 60, 193, 63"
123,5,"152, 182, 94, 32"
125,0,"42, 0, 145, 157"
125,1,"136, 70, 160, 34, 8, 125, 48, 60, 65, 13, 161, 83, 3, 195, 40, 198, 105, 171, 37, 91, 101, 99, 140, 67"
125,2,"171, 129, 130, 64, 156, 80, 73, 102, 60, 133, 11, 151, 70, 4, 170, 127, 2, 87, 94"
125,3,"186, 179, 79, 50, 21, 181, 145, 123, 25, 150"
126,0,"164, 89, 136, 61, 123, 179, 84, 59, 97, 129, 153, 122, 91, 33, 126, 147, 102, 131, 15, 167, 57, 73"
126,1,"121, 166, 49, 10, 109, 89, 11, 15, 16, 131, 179, 71, 4, 7, 96"
126,2,"65, 47, 87, 101, 35, 68, 160, 90, 41, 76, 46, 171, 164, 173, 118, 139, 129, 115, 15, 138, 104, 125, 116, 17, 55"
126,3,"163, 73, 75, 112, 83, 137, 12, 24, 89, 39, 8, 187, 162, 148, 128, 71, 67, 47, 15, 56, 81, 102, 155, 158, 13, 98, 85"
126,4,"40, 100, 136, 37, 82, 5, 105, 159, 108, 61, 160, 24, 156, 182, 99, 28, 172, 116, 90, 111"
126,5,"132, 84, 13, 11, 147, 127, 122, 156, 83, 25, 33, 38, 14, 154, 199, 128, 118, 85, 193, 41, 68, 7, 170, 195, 159"
127,0,"92, 96, 15, 69, 197, 13, 46, 111, 153, 93, 139, 89, 77, 191"
127,1,"100, 22, 102, 129, 87, 72, 136, 67, 161, 51, 19, 90, 103, 182, 171, 127, 114"
127,2,"86, 172, 24, 18, 97, 30, 2, 180, 99, 34, 146, 25, 122, 80, 127, 153, 142, 23, 106, 96, 113"
127,3,"189, 72, 151, 55, 94, 49, 133, 146"
128,0,"24, 85, 190, 64, 86, 177, 88, 125, 21, 93, 197, 143, 161, 148, 150, 123, 22, 50, 47, 183"
128,1,"192, 29, 107, 9"
128,2,"101, 140, 168, 69, 139, 135, 39, 112"
129,0,"192, 0, 72, 161, 95, 91, 154, 129, 137, 61, 126"
129,1,"166, 18, 61, 135, 190, 62, 171, 126, 50, 25, 148, 15, 47, 42, 31, 197"
130,0,"0, 70, 199, 18, 165, 164, 143, 141, 117, 131, 40, 107"
132,0,"124, 139, 128, 3, 125, 85, 44, 182, 131, 132, 94, 73, 86, 99, 178, 8, 115, 167, 156, 42, 101, 179"
132,1,"152, 47, 150, 16, 9, 69, 118, 162, 151, 33, 93, 99, 51, 131, 137, 15, 187, 122"
132,2,"13, 112, 80, 84, 76, 143, 16, 32"
135,0,"9, 193, 90, 48, 151, 16, 101, 198, 8, 116, 40, 118, 98, 5, 105, 186, 123, 154, 4"
136,0,"70, 111, 198"
137,0,"190, 148, 80, 176, 3, 21, 114, 32, 165, 166"
137,1,"33, 63, 120, 151, 177, 168, 91, 166, 13, 103, 97, 21"
138,0,"112, 108, 99"
138,1,"38, 151, 40, 48, 10, 52, 41, 65, 83, 50, 75"
138,2,"198, 86, 123, 105, 97, 161, 26, 140, 168, 10, 33, 139, 160, 188, 193, 197, 143, 136, 14, 66"
138,3,"187, 197, 8, 181, 102"
139,0,"24, 132, 171, 88, 166, 68, 148, 196, 136, 144, 165, 26, 133, 15, 75, 80, 135, 114"
139,1,"21, 160, 123, 25, 99, 5, 60, 94, 188, 152, 142, 117, 164, 115, 187, 154, 190, 173, 155, 53, 101, 61"
139,2,"111, 32, 166, 100, 191, 144, 139, 164, 12, 47, 80, 160, 188, 46"
140,0,"182, 16, 100, 61, 44, 174, 198, 112, 115"
141,0,"3, 2, 20, 171, 150, 161, 198, 82, 109, 38, 136"
141,1,"60, 50, 82, 71, 21, 110, 171, 98, 66, 80, 117, 22, 47, 86, 151, 64, 187, 53, 146, 198"
142,0,"78, 181, 98, 143, 96, 170, 129, 133, 177, 89, 175, 91, 189"
144,0,"57, 171, 78, 158, 139, 15, 13, 79, 137, 10"
144,1,"132, 39, 61, 44, 58, 96, 35, 85, 73, 0, 23, 156, 14, 26, 161, 173, 110, 196, 89, 47, 187"
146,0,"100, 179, 26, 102, 61, 41"
146,1,"118, 89, 67, 127, 139, 96, 66, 23, 56, 57, 87, 190, 65, 93, 185, 37, 92, 115, 124, 2, 183"
146,2,"155, 52, 112, 127, 13, 19, 5, 81, 187"
148,0,"2, 3, 119, 149, 188, 50, 122, 61, 107, 146, 60, 163, 148, 189, 46, 131, 99, 93, 196"
148,1,"182, 89, 44, 105, 46, 101, 184, 12, 194, 165, 164, 127, 159, 140, 51, 92, 167, 10, 63, 77, 160, 73, 149, 36, 100, 115, 11"
149,0,"129, 80, 123, 193, 188, 52"
149,1,"23, 131, 147, 100, 24, 51, 8, 55, 52, 163, 198, 152, 175, 148, 47, 158"
150,0,"146, 25, 41, 98, 46, 103, 156, 68, 132, 93, 82, 162, 174, 77, 122, 40, 152"
150,1,"122, 94, 173, 4, 45, 8, 112"
150,2,"84, 96, 117, 128, 188, 46, 120, 130, 139, 45, 131"
151,0,"188, 47, 7, 60, 13, 173, 131"
151,1,"125, 123, 48"
151,2,"99, 188, 28, 136, 56, 0, 87, 96, 4, 157, 121, 165, 48, 11, 15, 151, 148"
152,0,"105, 37, 69, 199, 12, 57, 70, 125, 151, 66, 112, 42, 50, 106, 164, 130, 117, 76, 183, 143, 94"
152,1,"89, 132, 9, 0, 42, 164, 93, 169, 124, 61, 39, 109, 11"
153,0,"101, 156, 20, 53, 24, 160, 107, 151, 14, 33, 91, 153, 126, 89, 82"
154,0,"123, 61, 125, 76, 17, 141, 13, 139, 102, 122, 47, 38, 26, 193, 87, 183, 119, 126, 97, 131, 168"
154,1,"140, 14, 8, 179, 11, 152, 188, 94, 13, 4, 39, 70, 164, 121, 101, 100, 54, 61, 10, 90, 199, 182, 86, 124"
154,2,"101, 136, 27, 187, 123, 35, 177, 93, 41, 21, 183, 141, 117, 17, 110, 50, 68, 98, 65, 47, 102, 131, 59, 104, 82"
154,3,"55, 169, 101, 171, 72, 195, 132, 1, 41, 43, 112, 46, 190, 26, 172, 155, 131, 15, 77, 145, 127, 193"
154,4,"13, 0, 70, 44, 80, 171, 73, 14, 141, 190, 179, 127, 72, 197, 77"
154,5,"171, 136, 82, 106, 153, 38, 101, 134, 155, 102, 27, 151, 69, 132, 114, 189, 194, 37, 93, 161, 89, 46, 175"
156,0,"83, 167, 78, 139, 141, 15, 188, 153, 166, 122"
156,1,"175, 159, 60, 144, 188, 47, 136, 49, 48, 106, 57"
156,2,"188, 131, 139, 64"
156,3,"143, 156, 190, 148, 185, 94, 127, 191"
156,4,"31, 156, 46, 161, 197, 193, 131, 84, 124, 61, 13, 136, 198, 45, 44, 41, 76, 164, 11"
157,0,"98, 175, 25, 77, 193, 31, 92, 188, 155, 112, 106, 23, 102, 116"
157,1,"153, 92, 10, 11, 46, 126, 100, 69, 15, 135, 160, 131, 53, 88, 13, 155, 47, 7, 93, 147, 59, 101, 90"
158,0,"85, 119, 37"
158,1,"187, 42, 160, 7, 15, 79, 63, 198, 113, 141, 128, 77, 11, 131, 100, 157, 156, 74, 18, 185, 21, 116, 151, 13, 3"
159,0,"77, 128, 25, 100, 41, 132, 47, 112, 73, 42, 32, 197, 7, 96, 149, 102, 114, 82, 98, 147, 151, 83, 19, 115"
159,1,"177, 151"
159,2,"15, 46, 112, 26, 124, 169, 38, 172, 168, 154, 61, 122, 37, 155, 13, 188, 33, 19, 5, 105, 165, 80, 82"
159,3,"158, 122, 33, 124, 50, 68, 44, 193, 60, 153, 58, 61, 127"
159,4,"187, 114, 156, 172, 157, 56, 92, 28, 179, 79, 173, 19, 150"
160,0,"183, 92, 67, 15, 17, 132, 82, 87, 19, 153, 160, 77, 147, 48, 25, 188, 98, 26, 149, 79, 42"
160,1,"10, 179, 101, 96, 61, 3, 94, 162, 139, 26, 151, 149, 176, 193"
160,2,"150, 73, 177, 14, 86, 42, 125, 180, 197, 50, 151"
160,3,"26, 160, 135, 72, 63, 102, 115, 155, 47, 182, 84, 151, 18, 146, 7, 147, 96"
160,4,"143, 150, 136, 182, 73, 103, 64, 159, 176, 127, 59, 76, 171, 67, 108, 155, 50"
160,5,"153, 10, 179, 25, 19, 79, 18, 75, 54, 177, 156, 145, 151, 132, 122, 100, 65, 52, 172, 184, 7, 98"
163,0,"39, 160, 101, 125, 94, 191, 128, 127, 93, 43, 20"
163,1,"48, 25, 7, 90, 172, 28, 23, 93, 12, 98, 126"
163,2,"173, 102, 71, 97, 53, 126, 122, 177, 82, 13, 121, 7, 135, 178, 138, 45, 3, 84, 41, 127, 100, 94, 50"
163,3,"3, 182, 91, 92, 147, 132, 90, 112, 83, 58, 125, 18, 89, 179, 59, 93, 123, 94, 9, 102, 13, 162, 101, 95, 62"
164,0,"182, 15, 28, 88, 167, 145, 172, 31, 50, 18, 10, 177, 190, 102, 35"
164,1,"9, 199, 147, 139, 51, 134, 12, 145, 151, 117, 140, 64, 125, 8, 25, 113, 53, 16, 101"
164,2,"191, 4, 123, 2, 148, 165, 192, 5, 189, 47, 62, 179, 50, 35, 101, 150"
166,0,"103, 161, 13, 155, 119, 43, 93, 177, 37, 101, 15, 56, 166, 17, 193, 154, 89, 76, 65, 123, 84, 33, 11, 182, 126"
166,1,"145, 187, 82, 101, 164, 132, 173, 189, 68, 148, 11, 84, 112, 184, 140, 20"
166,2,"122, 128, 170, 112, 30, 33, 126, 137, 171, 82, 71, 36, 3, 153, 100, 159, 188, 51"
166,3,"10, 126, 25, 91, 7, 167, 45, 171, 123, 8, 31, 138, 156"
167,0,"102, 107, 117, 140, 136, 179, 15, 123, 42, 190, 89, 82, 38, 132, 126, 7, 142, 93, 171, 48, 152, 25, 131"
168,0,"153, 63, 115, 31, 110, 89, 46, 20, 108, 79, 17, 93, 105, 13, 43, 54, 127, 166, 29, 125, 28, 96, 37, 8"
168,1,"144, 64, 115, 137, 164"
168,2,"169, 7, 99, 197, 13, 46, 122, 15, 120"
168,3,"110, 86, 140, 178, 173, 45, 51, 58, 98, 26, 33, 30, 176, 145, 156, 190, 107, 189, 93, 121, 63, 117"
169,0,"119, 25, 70, 98, 77, 177, 124, 15, 150, 147, 148, 190"
169,1,"173, 123, 148, 55, 162, 84, 12, 150, 131, 139, 62, 15, 101, 117, 70, 74, 32, 77, 7"
170,0,"56, 72, 186, 176, 123, 130, 94"
171,0,"39, 113, 131, 13, 148, 70, 169, 154, 55, 7, 150, 110, 95, 66, 71, 80, 63, 193, 12, 44, 161"
171,1,"19, 91, 61, 146, 155, 37, 46"
171,2,"47, 68, 157"
171,3,"71, 126, 89, 131, 144, 47, 158, 197"
171,4,"97, 7, 188, 103, 150, 122, 53, 145, 149, 65, 91, 193, 80, 164, 30, 181, 187, 11, 129, 121, 123"
172,0,"142, 15, 118, 112, 158, 139, 106, 125, 157, 177, 131, 42, 164, 140, 155, 24, 185, 120, 128, 62, 94, 165, 99, 60"
172,1,"113, 4, 7"
174,0,"96, 191, 26, 39, 90, 179, 53, 93, 185, 155, 162, 67, 150, 145, 131, 105, 117"
174,1,"33, 163, 156, 34, 175, 13, 148, 115"
174,2,"186, 3, 41, 7, 70, 9, 119"
175,0,"80, 115, 89, 158, 147, 46, 100, 171, 163, 145, 167, 198, 55, 139, 196, 174, 84, 152, 77, 189, 156, 154, 7, 155, 39"
176,0,"42, 171, 72, 13, 24, 96"
176,1,"47, 46, 170, 151, 6, 56, 67, 16, 106, 191, 79, 20, 61, 98, 192, 99"
177,0,"129, 50, 161, 143, 13, 188, 31, 101, 37, 15, 21, 168, 53, 20, 61, 198, 80, 174"
177,2,"72, 52, 46, 100, 114, 150, 70, 16, 65, 155, 179, 99, 164, 125, 3, 69, 199"
177,3,"114, 89, 123, 44, 19, 174, 84, 175, 152, 16"
177,4,"155, 122, 63, 173, 108, 77, 8, 167, 92, 117"
177,5,"131, 96, 167, 168, 123, 196, 101, 71, 16, 98, 198"
178,0,"70, 189, 18, 44, 8, 146, 115, 43, 0, 41, 72, 145, 105, 196, 39, 88"
179,0,"77, 134, 98, 154, 50, 52, 174, 15, 14, 124, 169, 101, 185"
179,1,"165, 187, 97, 127, 162, 89, 148, 155, 166, 70, 159, 100, 95, 52, 119, 101, 185, 0"
179,2,"78, 13, 197, 173, 137, 99, 194, 21, 139, 70, 85, 61, 195, 43, 185, 143, 105, 152, 118, 120, 160, 165"
180,0,"48, 181, 150"
180,1,"102, 179, 117, 21, 30, 142, 184, 105, 127, 130, 70, 146, 119, 192, 93, 89, 69, 156, 181, 99, 50, 94"
181,0,"154, 4, 170, 106, 168, 165"
181,2,"53, 4, 42, 197"
181,3,"54, 169, 103, 18, 178, 193, 150, 61, 24, 100, 192, 49, 148, 170, 60, 199, 66"
181,4,"127, 76, 5, 152, 7, 24, 72, 77, 56, 71, 69, 103, 37, 132, 147"
182,0,"89, 145, 58, 155, 171, 56, 165, 79, 131, 128, 82, 68, 198, 20, 122, 115"
182,1,"184, 199, 21, 166, 151, 67"
182,2,"174, 72, 40"
182,3,"25, 104, 77, 119, 151, 112, 132, 94, 196, 99, 44, 199, 28, 155, 161, 76, 127, 5"
182,4,"139, 147, 145, 179, 61, 19, 131, 15, 44, 69, 94, 101, 148, 51, 7, 63, 152, 117, 133, 168, 197, 84, 125, 165"
183,0,"181, 148, 196, 57, 144, 154, 155, 76, 141, 143, 142, 178, 115, 136, 21"
183,1,"117, 144, 149, 25, 93, 107, 99, 119, 147, 125, 154, 15, 126, 82, 21, 65, 132, 153, 13, 165, 188"
183,2,"50, 49, 112, 87, 15, 152, 55"
183,3,"153, 60, 193, 154, 199, 171, 46, 41, 57, 112, 166, 136, 47, 44, 177"
183,4,"64, 152, 121, 199, 37, 52, 122, 1, 59, 135, 125, 20, 5, 23, 147, 149, 174, 100, 165, 173, 79, 143, 53, 110, 65"
183,5,"12, 44, 79, 132, 28"
184,0,"86, 47, 101, 197, 158, 155, 8, 191, 57, 62, 123, 183, 122, 172, 147, 127, 116, 100, 159, 168, 15, 121, 144, 5"
184,1,"139, 90, 108, 104, 160, 47, 171, 41, 73, 181, 19, 100, 196"
185,0,"46, 38, 7, 106"
185,1,"21, 93, 175, 47, 24, 140, 11, 101, 59, 143, 144, 164, 64, 70, 162"
186,0,"160, 156, 99, 85, 40, 148, 15, 150, 118, 56, 122"
187,0,"96, 99, 83, 143, 155, 135, 150, 192, 181, 15, 65, 145"
188,1,"13, 93, 129, 171, 131, 151, 15, 47, 18, 127, 19, 181, 155"
188,2,"105, 7, 46, 77, 63, 171, 152, 180, 157, 39, 177, 84, 4, 136, 197, 2, 93, 185, 79, 150, 33, 20, 50, 118, 52"
188,3,"44, 101, 162, 131, 132, 151, 115, 42"
189,0,"145, 131, 52, 153, 127, 138, 164, 7, 46, 41, 11, 96, 70, 120, 198, 117, 125, 183, 63, 139, 122"
189,1,"171, 137, 129, 19, 15, 153, 148, 165"
189,2,"84, 20, 47, 106, 172, 170, 33, 16, 70, 127, 123, 18, 131, 25, 21, 56, 46"
189,3,"125, 64, 61, 145, 89, 120, 82, 173, 191, 86, 199"
191,0,"47, 155, 39, 162, 175, 151, 63, 172, 25, 61, 73, 83, 188, 50, 94"
191,1,"115, 111, 155, 76, 78, 56, 176, 41, 119, 0, 23, 154, 172, 143, 148, 70, 122, 50, 186, 60, 8"
191,2,"175, 39, 188, 144, 110, 53, 34, 67, 139, 127"
192,0,"7, 120, 20, 195, 47, 156, 198, 155, 11, 83, 127, 58"
193,0,"115, 42, 133, 165, 181, 162, 63, 71, 11, 160"
194,0,"13, 108, 117, 187"
194,1,"77, 127, 69, 8, 173, 93, 122"
195,0,"14, 46, 180, 19, 61, 198, 94, 102, 162, 82, 175, 70, 196, 92, 155, 125, 129, 199, 13, 77, 160, 7, 85, 35"
195,1,"61, 70, 13, 143, 136, 15, 10, 87, 156, 106, 91, 116, 148, 73, 139, 2, 18"
196,0,"87, 121, 12, 122, 170, 112, 35, 179, 195, 155, 94"
197,0,"187, 49, 88, 52, 114, 40, 44, 108, 193, 148"
197,1,"7, 159, 21, 31, 53, 63, 139, 146, 28, 71, 121, 29, 123, 168"
197,2,"184, 29, 86, 130, 122, 58, 41"
198,0,"129, 100, 60, 173, 50, 178, 23, 158"
199,0,"48, 11, 187, 148, 93, 101, 18, 193, 94, 136, 92, 50, 169, 31, 72"
199,1,"156, 70, 75, 96, 19, 38, 41, 155, 24, 3, 180, 192, 176, 101, 86, 82, 106, 100, 136, 89, 145, 84, 11, 189, 20, 126"
199,2,"5, 182, 50, 86, 101"
199,3,"86, 193, 128, 98, 82, 7, 115, 1, 83, 173, 131, 72, 126"
200,0,"25, 57, 181, 186, 74"
200,1,"99, 198, 61, 127, 199, 69, 106"
200,2,"64, 147, 129, 127, 15, 100, 171, 144, 21, 25, 70, 155, 166, 173, 113, 56, 83, 74, 67, 96, 179, 117, 159"
200,3,"44, 3, 164, 19, 179, 168, 71, 125, 100, 24, 184, 91"
202,0,"158, 71, 107, 199, 14, 94, 136, 81, 19, 139, 26, 134, 51, 33, 152, 88, 98, 118, 110, 87, 130"
202,1,"42, 148, 136, 188, 75, 53, 5, 185, 160, 131, 197, 172, 12, 161, 89, 125, 107, 25, 174, 114"
202,2,"85, 89, 28, 175, 182, 48, 44, 51, 103, 198, 66, 191, 33, 199, 148, 99"
202,3,"189, 89, 61, 28, 14, 53, 7, 143, 119, 12, 109"
203,0,"152, 177, 73, 52, 148, 46, 144, 132, 182, 128, 123, 39, 14, 124, 103, 145, 7, 101, 139, 37, 149"
204,0,"42, 176, 47, 29, 126, 182, 131, 26, 50, 56, 106, 99, 168, 199, 190, 140, 76"
204,1,"185, 48, 105, 175, 58"
205,0,"150, 60, 40, 49, 187, 41, 188, 171, 154, 56, 18, 61, 46, 151, 155, 39, 78, 131, 123"
205,1,"172, 94, 83, 177, 113, 194, 46, 17, 117, 147, 15, 13, 68, 11, 126, 123, 102, 93, 188, 91, 31, 20"
206,0,"124, 135, 172, 116, 28, 105, 4, 17, 91, 123, 190, 89, 46, 131, 198"
206,1,"169, 123, 141, 94, 145, 197, 1, 181, 12, 138, 136, 99, 122, 74, 125, 103, 101, 177, 13, 132, 9, 160, 7, 29, 117, 192, 172, 81"
206,2,"132, 28, 57, 112, 76, 10, 74, 174, 198, 118, 150"
207,0,"72, 21, 55, 148, 161, 93, 132, 40, 96, 154, 165, 144, 81, 146, 179, 45, 71, 61, 63, 68"
207,1,"112, 153, 173, 100, 169, 101, 60, 61, 162, 68, 13, 187, 85, 132, 55, 184"
209,0,"4, 76, 89, 123, 48, 80, 93, 19, 114, 181, 190, 127, 156, 28, 101, 128, 109, 32, 115, 162, 119"
210,0,"3, 192, 41, 187, 93, 52, 16, 118, 75, 124, 65, 141, 126, 67, 46, 197, 122"
210,1,"93, 43, 62, 94, 171, 49"
210,2,"100, 172, 72, 52, 15, 98, 119, 24, 195, 162, 177"
211,0,"118, 29, 182, 140, 93, 135, 87, 50, 166, 177, 139, 95, 109, 168, 64, 137, 48, 179, 145, 5, 125, 176"
211,1,"25, 160, 74, 9, 32, 38, 22, 15, 77, 3, 4, 197, 94, 109, 131, 176, 0, 93, 61, 101, 149"
212,0,"191, 2, 171, 12, 92, 137, 138, 147, 125, 82, 100, 8, 152, 183, 47, 15, 194, 86, 123, 158, 161, 50, 188, 173, 13"
212,1,"21, 193, 115, 156, 44, 155, 93, 3, 173, 25, 112, 89, 94, 148, 13, 79"
212,2,"8, 10, 181, 165, 5, 138, 14, 46, 150, 0, 67, 94, 171, 122"
212,3,"66, 127, 112, 77, 47, 100, 131, 18, 7, 13, 117, 67, 15, 193, 190, 155, 159, 74, 189"
213,0,"99, 189, 102, 8, 192, 49, 169, 91, 27, 126, 19, 54, 85, 75, 147, 72"
214,0,"27, 140, 125, 134, 127, 76, 65, 147, 161, 122, 159, 61, 93, 178, 53"
215,0,"76, 148, 158, 7, 192, 77, 197, 5, 64, 61, 65, 26, 1, 85, 0"
216,0,"164, 193, 69"
216,1,"3, 114, 171, 79, 35, 136, 118, 82, 107, 127, 85, 122, 53, 46, 145, 96, 112, 70, 77, 156, 19"
216,2,"47, 108, 150, 99, 123, 169, 120, 56, 109, 119, 44, 161, 101, 179, 46, 8, 106, 196"
216,3,"180, 20, 72, 42, 33, 97, 190, 129, 171, 191, 71, 2, 28, 11, 177, 19, 10"
217,0,"180, 98"
218,0,"53, 175, 123, 152, 86, 96, 26, 133, 1, 187, 141, 99, 160, 177, 199, 77, 89, 38, 13, 68, 12, 59, 156, 91, 198"
219,0,"66, 196, 18, 46, 180, 178, 88, 6"
219,1,"129, 42, 109, 152, 156, 177, 75, 124, 125, 101, 172, 187, 25, 155, 100, 111, 67, 116"
219,2,"155, 13, 39, 198, 73, 196, 15, 54, 61"
220,0,"19, 101, 13, 170, 41, 93, 182, 7, 125, 46, 97"
220,1,"53, 134, 73, 19, 189, 152, 190, 195, 41, 98, 42, 140, 175, 99, 115, 56, 178, 45, 86, 146, 183"
220,2,"159, 40, 96, 27, 15, 187, 34, 148, 152, 146, 108, 8, 74, 94, 122, 3, 196, 145, 83, 160, 197, 26, 41"
221,0,"12, 47, 73, 94"
221,1,"3, 148, 164, 101, 7, 139, 62, 88, 53, 123, 96, 146, 69, 127, 198"
223,0,"158, 69, 47, 171, 182, 190, 29, 6, 79, 89, 137, 102, 156, 4, 194, 155, 184, 17, 64, 197, 77"
223,1,"10, 28, 134, 143, 85, 39, 119, 136, 46"
224,0,"124, 132, 5, 63"
224,1,"73, 21, 100"
225,0,"82, 14, 15, 84, 115, 182, 34, 3, 90, 109, 59, 148, 105, 42, 70, 72, 153, 108, 140, 136, 94, 180, 188"
225,1,"73, 165, 69, 34, 5"
225,2,"182, 15, 164, 19, 106, 185, 4, 142, 94, 53, 35, 133, 151, 90, 11, 37, 139, 196, 86, 50, 104, 144, 145"
225,3,"120, 16, 13, 100, 124, 112, 125, 73, 139, 38, 39, 177, 123, 12, 99, 83, 122, 110, 19, 132, 52, 183, 156, 131"
226,0,"63, 70, 102, 74, 4, 173, 191, 89, 145, 20, 184, 21, 18, 68, 84, 177, 143, 69"
226,1,"191, 15, 94, 131"
226,2,"57, 193, 74, 101, 184, 177, 25, 180, 112, 125, 168, 87, 24, 192, 0, 33, 198"
226,3,"136, 110, 165, 41, 57, 46, 87"
226,4,"101, 195, 122, 15, 155, 114, 127"
226,5,"102, 163, 191, 123, 124, 139, 179, 169, 79, 126, 93, 106, 31, 45, 113, 187"
227,0,"172, 151, 84, 148, 128, 120, 189, 15, 126, 97, 146, 24, 78, 127, 20, 111, 45"
227,1,"58, 21, 131, 171, 94, 0, 122, 83, 61, 77, 136, 7, 69, 112, 185, 42, 164, 4, 135, 155, 138, 33, 52, 191"
227,2,"181, 151, 99, 54"
227,3,"11, 160"
228,1,"194, 158, 21, 46, 153, 77, 73, 12, 64, 4, 125, 198, 63, 193, 160, 93, 155, 50, 34"
229,0,"116, 14, 31, 165, 45, 49, 153, 44, 77, 117, 127, 32, 24, 162, 36, 120, 155, 57, 26, 88, 73, 168, 48, 148"
229,1,"163, 22, 34, 90, 124, 80"
229,2,"192, 85, 15, 3, 57, 24, 55, 103, 72, 5, 127"
229,3,"141, 2, 132, 198, 148, 79, 68, 89"
231,0,"155, 106, 191, 15, 121, 93"
231,1,"134, 77, 94, 125"
231,2,"179, 188, 164, 139, 13"
231,3,"126, 86, 93, 15, 123, 46, 145, 164, 179, 136, 183, 187, 83, 2"
232,0,"61, 50, 170, 21, 5, 32, 163, 70, 131, 102, 101, 122, 147"
232,1,"84, 101, 127, 54, 114, 165, 50"
232,2,"42, 10, 84, 99, 132, 122, 197, 47, 50, 7, 98, 180, 147, 57, 48, 55, 177, 6, 196"
232,3,"50, 55, 18, 165, 42, 63, 132, 195, 112, 74, 184, 122, 0, 178, 156, 40, 51, 95, 70, 135"
234,0,"156, 159, 154, 2, 148, 4, 136, 61, 73, 74, 55, 131, 135, 173, 191, 13"
234,1,"197, 173, 24, 59, 126, 167, 145, 34"
234,2,"99, 64, 115, 28, 61, 19, 66, 155, 47, 180, 69, 191, 93, 167, 149, 132, 112, 7, 188, 87"
236,0,"9, 5, 61, 112, 41, 42, 76, 49, 60, 131, 171, 140, 84, 99, 53, 7, 25, 86, 88, 197, 113, 10, 30, 44"
236,1,"112, 13, 69, 42, 8, 79, 46, 4, 73, 83, 175, 82, 65, 170, 93, 179, 119, 86, 40"
237,0,"10, 96, 94, 180, 125, 83, 21, 168, 67"
237,1,"125, 77, 65"
237,2,"60, 7, 36, 188, 155, 64, 123, 30, 61, 89, 189, 38"
237,3,"49, 112, 190, 34, 175, 83, 181, 37, 127, 75, 102, 165, 78, 96, 94, 13, 152, 47, 162, 131, 7"
237,4,"50, 186, 21, 26"
238,0,"148, 15, 99, 168"
239,0,"185, 130, 36, 91, 197, 158, 39, 152, 72"
239,1,"99, 25, 1, 146, 152, 37, 8, 111, 56, 105, 184, 49, 58, 36, 122"
239,2,"46, 123, 37, 16, 9, 6"
240,0,"136, 127, 73, 147"
240,1,"94, 185, 114, 50, 20"
240,2,"94, 155, 23, 73, 193, 113, 64, 35, 122, 188, 7, 50, 53, 69, 173, 145, 91, 55, 151"
241,0,"162, 94, 165, 181, 57, 140, 178, 29, 42, 13, 25, 186, 131, 155, 137, 161, 101, 102"
241,1,"85, 20, 136, 61, 120, 182, 166, 33, 164, 198, 18, 92, 11"
241,2,"4, 25, 134, 191, 188, 182, 187, 59, 73, 16, 178, 145, 61, 55, 50, 15, 152, 24, 197"
242,0,"126, 56, 151, 173, 162, 24, 104, 10, 171, 119, 168, 112, 161, 190, 101, 82, 198"
243,0,"30, 171, 33, 48, 65, 79, 99, 115, 199, 100, 98, 149, 122, 32, 117, 136, 16, 123"
243,1,"48, 127, 185, 30, 123, 3, 171, 46, 93, 61, 94, 197, 148, 165, 41"
243,2,"61, 15, 96, 50, 46, 166, 117, 20, 76, 127, 192, 156, 191, 124, 70, 42, 28, 122, 44, 187, 152, 8, 95"
243,3,"30, 84, 13, 76, 49, 69, 155, 59, 193, 166, 94, 90, 23, 51, 147, 136, 10, 33, 97, 93, 156, 160, 27"
244,0,"59, 188, 147, 32, 198, 13, 168, 29, 49, 24, 20, 118, 85, 199, 102, 169, 172, 175, 145, 103, 45, 87, 156, 161, 178"
244,1,"175, 176, 198, 29, 167, 160, 186, 102, 90, 178, 142, 118, 151, 13, 134, 101, 181, 111, 31, 28, 158, 73, 58, 155, 68, 179"
246,0,"181, 45, 69, 79, 99, 172, 161, 125, 124, 122, 47, 16, 162, 7, 2, 164, 56, 136, 153, 193, 133, 102, 63, 155, 15, 151, 123, 173, 72, 127, 165, 145, 18, 24, 148"
246,1,"11, 156, 173, 52, 186, 2, 7, 180, 56, 32, 187"
249,0,"9, 161, 62, 122, 11, 67, 0, 47, 120, 149, 99, 61, 112, 147, 65, 121, 6, 78, 98, 20, 182"
249,1,"96, 97, 14, 101, 173, 191, 112, 109, 8"
249,2,"11, 6, 89, 112, 59, 25, 119, 51, 122, 87, 76, 80, 198, 56, 24, 118, 179, 69, 133, 170"
249,3,"179, 132, 87, 81, 192, 26, 60, 30, 135, 63, 21, 99, 57, 147, 90, 195, 151, 166"
250,0,"87, 176, 86, 186, 46, 165, 193, 197, 13, 154, 25, 10, 104, 140, 147, 18, 76, 99, 94, 50, 114, 47, 188, 145, 3, 35"
250,1,"177, 154, 133, 101, 11, 134, 95, 49, 62, 183, 102, 136, 40, 80, 196, 131, 54"
251,0,"28, 171, 46, 155, 82, 7, 123, 91, 1, 196, 14, 63, 188, 25, 33, 98, 84, 119, 136, 187, 154, 18"
251,1,"160, 114, 112, 92, 20, 46, 15, 115, 187, 50, 166, 16, 183, 70, 57, 41"
252,0,"193, 92, 119, 77, 11, 197, 164, 24"
252,1,"143, 28"
252,2,"129, 166, 20, 158"
253,0,"197, 139, 141, 113, 98, 0, 11, 115, 132, 167, 39, 181, 88, 25, 160, 149, 151, 4, 150, 165, 106, 131, 7, 30, 140, 169, 90, 61, 92, 86, 186, 38, 171, 77, 184, 82"
253,1,"94, 184, 101, 70, 112, 89, 113, 136, 93, 24"
253,2,"144, 52, 33, 127, 31, 119, 45, 85, 67, 164, 145, 166"
253,3,"188, 21, 72, 127, 73, 160, 58, 3, 117, 91, 93, 57, 112, 125, 151, 180, 63, 23"
254,0,"171, 156, 199, 21, 179, 121, 74, 166, 188, 83, 10, 105, 191, 115, 153, 164"
254,1,"114, 166, 82, 147, 16, 197, 107, 24, 70, 28, 174, 4, 168"
255,0,"7, 137, 93, 15, 11, 189, 38, 179, 75, 77, 121, 79, 184"
255,1,"119, 38, 47, 188, 32, 115, 16, 98, 106, 154, 83, 94, 110"
255,2,"4, 7, 48, 146, 195, 39, 79, 128, 189, 1, 177, 122, 179, 46, 145, 191, 193, 117, 112, 5, 58"
255,3,"106, 94, 187, 117, 188"
256,0,"33, 167, 82, 3, 126, 131, 119, 47, 188, 182, 70, 197, 101, 80, 73, 153, 111, 124, 93, 106, 179"
256,1,"123, 129, 56, 194, 93, 107, 175, 20, 7, 139, 54, 127, 154, 197, 190, 187"
256,2,"112, 101, 102, 168, 110, 33, 87, 113, 187, 99"
256,3,"150, 36, 101, 3, 155, 47, 93, 86, 77"
257,0,"142, 77, 137, 83, 153, 195, 7, 128, 16, 13, 112, 44, 25, 117, 78, 122, 131"
257,1,"47, 123, 129, 148, 102, 19"
258,0,"152, 69, 19, 100, 43, 187, 20, 123, 31, 194, 181, 61, 44, 191, 162, 112"
258,1,"124, 37, 135, 17, 104, 13, 102, 11, 60, 98, 24, 10, 191, 69, 76, 174, 113, 83, 196, 198, 92, 40, 189, 42"
259,0,"157, 119, 20"
259,1,"37, 156, 12, 59, 184, 48, 155, 41, 120, 98, 3, 95, 113, 46, 54, 140, 24, 151, 147, 64, 2, 76"
259,2,"171, 73, 18, 184, 56, 42, 44, 162, 149, 77, 163, 146, 19, 161, 117, 159, 100, 88, 17, 105, 150, 143, 52, 84, 33, 112"
259,3,"195, 70, 93, 87, 95, 131, 168, 99, 34, 94, 21, 171, 53, 147, 106, 18, 7, 86, 42, 114, 13, 167"
264,0,"13, 5, 84, 1, 18"
264,1,"25, 13, 165, 43, 117, 83, 53, 105, 171, 112, 28, 44, 102, 160, 187, 77, 167, 197, 3, 47, 15, 198, 181, 84"
265,0,"189, 136, 155, 30, 9, 124, 1"
265,1,"99, 126, 114, 189"
265,2,"18, 155, 37, 164, 125, 156, 122, 191, 196, 171, 86, 131, 47, 101, 61, 103, 54"
265,3,"107, 22, 112, 3, 51, 148, 109, 156, 188, 13, 131, 10, 94, 141, 57, 73, 130"
265,4,"56, 48, 179, 98, 131, 67, 119, 29, 94, 147, 196, 0, 134, 32, 47, 117, 100, 79, 112, 96, 172"
266,0,"191, 62, 46, 7, 35, 88, 142, 148, 109, 161, 53, 108, 155, 24"
266,1,"53, 199, 180, 55, 3, 194, 68, 183, 148, 88, 131, 96, 134, 33, 145, 124, 5, 64, 132, 198, 100, 61"
267,0,"119, 56, 96, 72, 3, 112, 171, 160, 139, 18"
268,0,"50, 15, 105, 36, 74, 44, 100, 126, 123, 99, 67, 167, 168, 143, 20, 97"
270,0,"124, 94, 15, 60, 3, 116, 40, 104, 165, 85, 96, 28, 159, 72, 132, 172, 179, 66, 37, 73, 87, 180"
270,1,"186, 185, 128, 48, 101, 151, 144, 141, 82, 44, 2, 81, 92"
271,1,"117, 10, 96, 155, 71, 89, 11, 157, 148, 183, 135, 102, 171, 85, 7, 169, 73, 194, 189, 100, 150, 47"
271,2,"173, 109, 6, 31, 185, 46, 179, 101, 30, 7, 127, 197, 56, 156, 49, 184, 112, 131, 150"
271,3,"115, 108, 62, 135, 132, 35, 156, 180, 133, 67, 50, 138, 6, 193, 60, 61, 56, 84, 123"
272,0,"153, 6, 171, 5, 168, 46, 115, 123"
272,1,"125, 118, 105, 167, 157, 148, 126, 84, 183, 159, 196, 21"
272,2,"197, 133, 156, 123"
272,3,"156, 41, 101, 66, 191, 7, 90, 81, 47, 164, 5, 57, 11, 16, 33, 103, 18, 46"
273,0,"158, 10, 139, 41, 100, 96, 156, 94, 97, 112"
273,1,"198, 190, 131, 50, 155"
273,2,"48, 70, 139, 69, 122, 105, 76, 131, 3, 53, 187, 123"
274,0,"80, 30, 114, 136, 123, 132"
274,1,"173, 72, 70, 122, 184, 121, 127, 92, 160, 61, 13, 83, 15, 75, 57, 56, 149, 112, 20, 131, 129, 136, 38, 50, 193, 172"
274,2,"176, 39, 129, 72, 25, 68, 96, 140, 63, 3, 18, 162, 65, 156, 15, 13"
274,3,"187, 42, 10, 172, 157, 182"
275,0,"179, 99, 3, 131, 95, 0, 82"
276,0,"96, 62, 13, 25, 175, 129, 188, 73"
279,0,"161, 115, 94, 61, 142, 119, 102, 7, 156, 99, 57, 187, 175, 15, 39, 134, 41, 133, 46, 195, 28, 97, 135, 4, 62"
280,0,"190, 77, 61, 7, 63, 66, 143, 188, 89, 138, 24, 113, 194, 104, 179, 126, 70, 182"
280,1,"98, 81, 33, 28, 168, 82, 159, 71, 62, 93, 177, 29"
281,0,"151, 138, 147, 77, 89, 161, 189, 65, 21, 62, 7, 115, 145, 121, 193, 173, 93, 75, 4, 12, 94, 100, 32, 84, 25"
281,1,"79, 87, 5, 50, 199, 109, 46, 155, 189, 25, 142, 63, 191, 188, 9, 187, 15, 2, 61, 10, 13, 56, 129, 137, 146"
282,0,"168, 158, 154, 155, 156, 83, 67, 14, 165"
282,1,"85, 161, 26, 12, 83, 11, 132, 34, 29, 75, 20, 5, 186, 3"
282,2,"21, 70, 198, 65, 77, 30, 102, 121, 96"
283,0,"148, 86, 122, 11, 152, 128, 155, 183, 7, 15, 61, 188, 121, 50, 114, 161, 100, 153, 48, 96, 76, 62"
283,1,"86, 7, 147, 3, 94, 76, 175"
284,0,"102, 18"
284,1,"62, 24, 151, 5, 63, 35, 13, 168, 86, 26, 15, 82, 8, 136, 125, 46, 96, 188, 70, 129, 53, 89"
285,0,"188, 166, 112, 89, 178, 54, 96, 61, 48, 78, 101, 125, 124, 192, 102, 177, 36, 120, 39, 123, 131, 99, 10, 187, 42, 164"
285,1,"27, 137, 70, 41, 131, 136"
286,0,"43, 87, 165, 198, 61, 178, 185, 72, 0, 141, 84, 161, 145"
287,0,"2, 128, 28, 71, 25, 156, 77, 151, 92, 52, 115, 116"
287,1,"63, 194, 30, 125, 64, 33, 162, 120, 77, 119, 28, 199, 188, 56, 99, 158, 51, 186, 156, 152"
288,0,"96, 86, 197, 76, 48, 125, 165, 173, 181, 77, 56, 46"
289,0,"77, 188, 56, 145, 94, 96, 163, 64, 65, 113, 95, 52, 155, 89, 162, 41, 187, 46, 180, 47, 108, 116, 136, 20"
289,1,"94, 143, 96, 140, 159"
291,1,"135, 25, 78, 188, 51, 68, 10, 149, 80, 122, 65, 156, 7, 75, 176, 179, 91, 100, 53, 52, 99"
291,2,"19, 181, 81, 66, 169, 7"
291,3,"140, 21, 131, 198, 25, 68, 96, 125, 156, 84, 188, 73, 54, 13, 52, 56"
292,0,"50, 173, 3, 160, 125, 82, 19, 100, 117, 46, 177, 185, 155, 122"
292,1,"23, 10, 134, 99, 112, 46, 69, 14, 152, 115, 38, 97, 131, 155, 150, 61, 151"
292,2,"94, 147, 82, 149, 31, 131, 100, 84, 29, 1, 30, 22, 10, 7"
294,0,"185, 5, 10, 67"
294,1,"56, 52, 123, 11, 197, 62, 156, 25, 131, 15, 146, 24, 0, 7, 77, 128, 122, 91, 119, 139, 194"
294,2,"15, 3, 117, 10, 96, 77, 73, 167, 182, 161, 153, 25, 43, 86, 112, 18"
295,0,"155, 101, 34, 112, 56, 68, 33, 66, 24, 159"
296,0,"77, 13, 168, 188, 177, 89, 160, 155"
296,1,"196, 116, 61, 125, 127, 193, 142, 163"
298,0,"139, 134, 189, 101, 94, 5, 122, 177, 156, 132, 192, 197, 184, 128, 60, 79, 157"
298,1,"65, 131, 61, 7, 98, 105, 119, 191"
298,2,"13, 139, 73, 85, 151, 133, 129, 156, 166, 119, 36, 172, 68, 127, 184, 101, 7, 197"
299,0,"86, 104, 134, 7, 73, 41, 136, 65, 112, 106, 170, 122, 62, 93, 70, 16, 129, 177, 167, 38, 166, 17, 25"
302,0,"149, 76, 71, 62, 123, 5, 60, 19, 179, 102, 2, 4, 13, 161, 101, 61, 47, 50"
302,1,"18, 156, 154, 164, 123, 61, 183, 87, 173, 64, 176, 25, 150, 165, 50, 28, 99, 103, 136, 129, 188, 158, 11, 114, 117"
302,2,"62, 101, 102, 122"
303,0,"182, 171, 7, 28, 26, 70, 152, 55, 97, 99, 124, 73, 156, 50, 165, 39, 125, 138, 4, 137, 88, 19, 184"
303,1,"70, 19, 187, 185, 21, 151, 93, 8, 171, 164, 184, 38, 152, 10, 178, 147, 182, 48, 34, 97, 127, 26"
304,0,"33, 131, 100, 166, 125, 61, 160, 117, 148, 75, 95, 163, 83, 4, 138, 15"
305,0,"86, 100, 151, 173, 192, 83, 5"
306,0,"50, 148"
307,0,"96, 62, 166, 148, 140, 12, 136, 173, 4, 155, 194, 100, 77, 178, 158, 24, 15, 48, 19, 87, 98, 102, 73, 195, 128"
307,1,"139, 122, 120, 165, 193, 98, 36, 60, 32, 102, 155, 89, 12, 41, 44"
307,2,"123, 112, 153, 61, 129"
307,3,"191, 7, 94, 166, 120, 116"
310,0,"168, 175, 156"
312,0,"109, 175, 62, 123, 173, 151, 99, 185, 37, 160"
313,0,"22, 98, 78, 139, 94, 132, 89, 64, 59, 171, 149, 158, 131, 1, 99, 68, 54, 125"
314,0,"145, 68, 56, 86, 67, 155, 99, 102, 194, 126, 198, 139, 90, 100, 169, 112"
314,1,"61, 182, 188, 159, 161, 89, 127, 123, 112, 1, 46, 74, 131, 20, 25, 151, 71, 10, 70, 22, 166, 84, 93"
315,0,"173, 125, 5, 69, 24, 153, 126, 127, 156, 102, 89, 90, 169, 152, 136, 52, 13"
315,1,"148, 36, 101, 102, 56, 70, 38, 18, 127, 192, 189, 118"
315,2,"47, 156, 71, 136, 11, 5, 43, 182, 85, 28, 196, 16, 32, 115"
316,0,"156, 70, 101, 93, 158, 34, 24, 127, 18, 124, 161, 33, 72, 85, 77, 3"
317,0,"190, 53, 14, 12, 41, 32, 148, 122, 99, 93, 177, 149, 180, 199, 10, 125, 97, 129, 25, 65, 71, 115, 119, 72, 33"
318,0,"62, 4, 67, 151, 69, 184, 0, 68, 188, 74, 126, 99, 177, 94, 192, 90, 161, 132, 100, 7, 169, 197, 131, 13, 45, 33, 92, 119"
318,1,"128, 185, 190, 197, 170, 34, 46, 62, 69, 136, 168, 152, 94, 194, 141, 110, 182, 100, 183, 77, 81"
319,0,"69, 71, 160, 3, 48, 148, 47, 55, 120, 109, 65, 41, 199, 193, 42, 89, 92, 20, 146, 44, 101, 94"
319,1,"25, 33, 59, 95, 151, 123, 101, 129, 109, 131, 92, 46, 48, 176, 61, 172, 104, 105, 117, 148, 124, 173, 175, 127, 79, 89, 158, 103, 197, 125, 121, 195, 51, 23, 57, 20"
319,2,"83, 86, 56, 187"
321,0,"116, 99, 173, 13, 2, 151, 33, 127, 197, 125, 199, 70, 171, 98"
321,1,"113, 160"
322,0,"131, 101, 148, 42, 18, 117, 39"
323,0,"115, 185, 99, 67, 44, 70, 49, 190, 89, 152, 11"
324,0,"9, 6, 65, 81, 111, 12, 197, 4, 151, 78, 194, 86, 121, 38, 163, 139, 142, 117, 122, 127, 140"
324,1,"128, 28, 2, 24, 25, 14, 88, 115, 199, 46, 94, 21, 147, 57, 34, 87, 5, 19, 50, 120, 181, 104, 187, 74, 26, 126, 140, 71, 36, 158, 86, 172, 185, 143, 117, 53, 96, 176, 188"
324,2,"35, 168, 194, 47, 84, 115, 15, 25, 34, 143, 156, 46, 150, 65, 125"
324,3,"145, 152, 138, 53, 105, 171, 64, 156, 35, 39, 165, 115, 91, 197, 116, 5, 120, 78, 69, 147, 122, 46"
327,0,"123, 89, 93, 154, 167, 84, 122, 16, 25, 131, 4, 20, 13, 33, 98, 130, 80, 116, 101, 66, 126"
328,0,"148, 2, 171, 5, 100, 79, 93, 85, 197, 140, 111, 178, 151, 24, 147, 193, 150, 158, 109, 145, 7, 136, 169, 98, 96, 42"
328,1,"11, 41, 7, 177, 101, 46, 123, 136, 70, 44, 195, 62, 28, 83, 20, 134, 131, 185, 121, 94"
329,0,"112, 198, 174, 193, 188, 161, 49, 53, 3, 105, 33, 159, 70"
329,1,"192, 11, 141, 77"
330,0,"0, 140, 161, 94, 168, 152, 127, 27, 100, 160, 99, 112, 62, 14, 142, 53, 182, 15, 111, 143, 80, 101, 75, 131, 171, 64, 67, 54, 139, 177, 74, 190, 156"
330,1,"5, 55"
330,2,"99, 123, 179, 11, 132, 5, 110, 175"
330,3,"151, 185, 197, 199, 35, 60, 99, 165, 180, 133, 7, 105, 69, 101, 20, 55, 15, 171, 119, 198"
331,0,"17, 113, 44, 90, 53, 145, 198, 178, 11, 185, 87, 72, 106, 86, 196, 68, 131, 101, 12, 195, 152, 147"
331,1,"171, 125, 118, 87, 93, 47, 146, 132, 124, 70, 46, 172, 61, 33, 99, 198, 96, 193, 92, 84, 28, 7, 197, 161, 139"
333,0,"160, 69, 111, 190, 7, 114, 46, 146, 102, 21, 22, 3, 13, 61, 33, 56, 97, 24, 32, 115, 186, 187, 98, 73, 109, 50, 82, 103, 156, 100, 181, 68, 124, 53"
334,0,"64, 52, 13, 108, 153"
334,1,"76, 173, 155, 110, 151"
334,2,"60, 93"
334,3,"153, 160, 155, 148, 199, 152, 165, 183, 136, 194, 40, 181, 23, 63, 86, 32, 18, 51, 150, 68, 47, 10, 173, 31, 25, 176, 80"
334,4,"30, 71, 157, 86, 167"
335,0,"124, 143, 19, 136, 155, 108, 82, 127, 161, 150, 86, 121, 99, 154, 170, 42, 34, 59, 75, 100, 192, 198, 153, 188, 7, 68, 93, 57, 175, 117, 50, 112, 87, 71"
335,1,"143, 118, 185, 75, 169, 132, 131, 168, 94, 136, 116, 145, 125, 21, 17, 89, 173, 83, 12, 113"
335,2,"151, 35, 100, 46"
335,3,"44, 89, 25, 150, 187, 99, 164, 178, 191, 83, 93"
336,0,"117, 40, 126, 154, 33, 145, 38, 51"
336,1,"72, 164, 140, 14, 24, 151, 163, 59, 86, 161, 89, 148, 34, 156, 47, 76, 102"
336,2,"68, 101, 55, 77, 171, 183, 97, 12, 170, 13, 102, 48, 26, 71, 24, 121, 4, 125, 177, 93, 150, 173, 123, 106, 65, 187, 70, 131, 141, 100, 155, 9, 7, 145"
336,3,"125, 73, 197, 77, 168, 108, 195, 148, 98, 94, 76, 185, 81, 57"
337,0,"110, 49, 102, 171, 139, 152, 21, 65, 50, 180, 10, 77, 82, 0"
338,0,"191, 73, 71, 128, 188, 1, 123, 143, 125, 100, 47"
339,0,"44, 101, 172, 60, 184, 6, 103, 26, 87, 159"
339,1,"193, 4, 99, 44, 88, 70, 25, 65, 100, 184, 153, 116, 149, 5, 156, 2, 12, 141, 78, 51, 7, 9, 14, 137"
339,2,"145, 105"
339,3,"116, 2, 50, 148, 24, 73, 159, 132, 25, 151, 172, 131"
340,0,"100, 23, 13, 106, 39, 188, 60, 167, 132, 29, 54, 177, 148, 157, 145, 186, 149, 46"
340,1,"185, 82, 13, 136, 33, 171, 169, 35, 125, 96, 197, 175, 113, 37"
341,0,"40, 39, 61, 155, 151, 13, 122, 88, 112, 126, 99, 114, 182, 41, 17, 71, 94, 120, 68, 194, 50, 111, 125"
341,1,"143, 151, 94, 188, 48, 120, 70, 164, 129, 45, 158, 89, 173, 197, 76, 172, 34, 192, 15, 148, 7, 135"
341,2,"61, 48, 68, 145, 126, 24, 133, 168, 85, 15, 79, 191"
341,3,"87, 48, 148, 78, 119, 64, 153, 194, 98, 93, 120, 19, 161, 84, 45, 140, 108, 193, 149, 138, 122, 192"
342,1,"44, 156, 84, 123, 20, 190, 134, 169, 109, 112, 36, 164, 48, 113, 108, 102, 46, 96, 91"
342,2,"173, 48, 120, 58, 195, 152, 46, 75, 35, 147, 80, 179, 160, 164, 189, 109, 188, 133"
342,3,"188, 89, 100"
343,0,"198, 110, 101, 172, 69, 57, 127, 98, 131, 112, 4, 67, 73, 61, 22, 136, 44, 123, 151, 2, 152, 177, 148, 28, 84, 191, 99"
343,1,"187, 162, 45, 127, 17, 139, 86, 34, 151, 18, 171, 74, 124, 182, 103, 25, 10, 44"
343,2,"46, 88, 42, 7, 130, 194, 20, 41, 164, 30, 103"
343,3,"11, 148, 194"
344,0,"31, 148, 67, 196, 140, 115, 53, 69, 197, 189, 160, 71"
344,1,"98, 136, 69, 7, 96"
344,2,"107, 70, 185, 119, 100, 125, 15, 5, 84, 128, 172, 87, 20"
344,3,"77, 11, 153, 89, 136, 72, 171, 88"
345,0,"114, 197, 69, 71, 192, 159, 100, 5, 38, 196, 10, 97, 127, 49, 83, 112, 119, 2"
345,1,"13, 143, 155, 94, 181, 41, 101, 47, 30, 136, 122, 32, 69, 114, 4, 179, 62, 105"
345,2,"33, 91, 26, 134, 137, 11, 2"
345,3,"102, 83, 125, 53, 155, 179, 170, 154, 186, 12, 69, 39, 99, 135, 151, 187, 59, 123, 70"
345,4,"176, 159, 86, 192, 161, 88, 19, 91, 7, 81, 145, 126, 41, 15, 47"
346,0,"100, 112, 181, 111, 139"
346,1,"89, 29, 155, 36, 96, 136, 73, 93, 91, 3, 94, 167, 156, 148, 90, 127, 143"
346,2,"59, 160, 172, 156, 48"
346,3,"50, 4, 151, 155, 19, 98, 132, 167, 162, 100, 101, 71, 70, 185, 174"
346,4,"142, 123, 20, 90, 112, 136, 50, 180, 199, 0, 115, 37, 69, 53, 68, 70, 181, 194, 127, 187, 46, 143, 178, 87, 126"
347,0,"155, 83, 194, 9, 0, 136, 118, 150, 119, 152, 109, 19, 88, 6, 28"
347,1,"10, 57, 148, 154, 191, 187, 150, 137, 127, 56, 188, 70, 98, 131, 99, 181"
350,0,"41, 177, 38, 140, 18, 122, 57, 168, 147, 99, 6, 84, 184, 162, 10, 82, 3, 185, 56, 155, 192, 22, 72, 129, 180, 26"
350,1,"89, 198, 183, 125, 83, 167, 99, 131, 199, 186, 134, 87, 153, 44, 4, 0, 185, 164, 16, 145, 128, 182, 188, 169"
350,2,"87, 41"
350,3,"46, 5, 177, 167, 112, 18, 57, 7, 66, 123, 93, 125, 68, 134, 38, 4, 192, 198, 24"
350,4,"116, 75, 104, 167, 25, 145, 134, 198, 196, 106, 130, 160, 114, 142, 131, 176, 101, 28, 43, 135, 50, 55, 94, 38, 95, 151, 0, 168, 161, 73, 191, 18, 174, 188, 56, 199, 42, 140, 154, 193"
351,0,"49, 96, 151, 104, 36, 132, 94, 184, 16, 162, 160, 109, 141, 99, 113, 87, 82, 149, 6, 174, 26, 147"
351,1,"114, 132, 118, 71, 101, 72, 79, 26, 121, 9, 50, 123, 73, 119, 39, 179, 83, 125, 148, 134, 8, 38"
351,2,"76, 184, 113, 183, 78, 64, 197, 5, 62, 105, 38, 111, 148, 187, 84, 128, 131, 89, 160, 155, 99, 177, 116, 80, 66, 43, 175, 126"
352,0,"112, 3, 147, 42, 188, 96, 136, 75, 142, 11, 101, 173, 99, 69, 133, 65, 132, 50, 64, 84, 24, 193, 73, 8, 47, 41"
352,1,"40, 3, 112, 83, 59, 108, 162, 99, 13, 68"
353,0,"104, 75, 181, 163, 112, 35, 180, 152, 168, 59, 108, 77, 172, 161, 7, 25, 22, 185, 130, 170, 131, 70, 26, 85, 90"
354,0,"24, 50, 167, 107, 84, 69, 175, 79, 117, 28, 129, 12, 40, 131, 56, 68, 180, 21"
355,0,"28, 193, 117, 147, 120, 61, 40, 16, 173, 167, 141, 77, 151, 29, 133, 130, 48, 69, 122, 109, 160, 56, 177, 26, 53, 93"
355,1,"89, 99, 86, 123"
355,2,"75, 28, 24, 150, 7"
355,3,"19, 73, 46, 129"
356,0,"99, 178, 193, 183, 173, 33, 94, 185, 167, 131, 122, 15, 145, 78, 149, 190, 61, 126, 191"
356,1,"30, 102, 0, 70, 138, 50, 176, 127, 60, 81, 125, 103, 131, 106, 92, 49, 40, 107, 26, 53"
356,2,"68, 182, 190, 100, 52, 173, 171, 8, 14, 87, 86, 84, 26, 155, 94"
358,0,"182, 112, 106, 77, 4, 102, 173, 198, 118, 123, 13, 95, 68, 73, 151, 186, 35, 63, 93, 108, 3, 113, 15, 89, 128, 75"
358,1,"128, 86, 15, 5, 21, 195, 60, 28, 22, 199, 3, 156, 197"
359,0,"156, 25, 141, 43, 123, 182, 8, 74, 7, 94, 122, 80, 192, 115"
359,1,"141, 42, 106, 160, 127, 125, 150, 114, 24, 0, 53, 69, 75, 55, 119, 44, 120, 50, 90, 124, 70, 146, 188, 139"
359,2,"78, 79, 33, 80, 50, 149, 121, 172, 42, 155, 101, 0, 83, 65, 46, 125, 86, 136, 82, 15, 161, 154, 150"
359,3,"152, 84, 95, 129, 111, 125, 166, 42, 61, 88, 101, 178, 154, 58, 13"
361,0,"140, 180, 125, 114, 110, 106, 148, 194, 198, 115, 49, 103, 102"
362,0,"97, 24, 187, 11, 197, 27, 152, 62, 161, 15, 199"
365,0,"38, 189, 131, 112, 20, 106, 101, 173, 32, 71, 87, 120"
366,0,"100, 65, 134, 16, 93, 94, 86, 172, 89, 66"
366,1,"115, 31"
367,0,"148, 83, 137, 0, 155, 198, 94, 177, 115, 46, 100, 7, 106, 101, 87"
367,1,"137, 139, 177, 151, 61, 7, 48, 187, 197, 38, 66, 136, 82, 145, 10, 154, 26, 16, 102, 70, 130, 150, 179, 190, 149, 33, 101"
370,1,"160, 114, 94, 84, 74, 111, 82, 115, 143, 62, 86, 178, 72, 147, 181, 87, 146, 123, 129, 44, 141, 152, 64, 65"
370,2,"63, 107, 199, 30, 142, 148, 36, 70, 62, 15, 55, 145, 98, 197, 82, 71, 72"
372,0,"143, 44, 68, 171, 57, 152"
372,1,"167, 55, 100, 127, 148, 44, 46, 111, 150, 193, 101, 7, 96, 183, 15, 90, 75, 64"
372,2,"142, 92, 152, 75, 8, 70, 17, 150, 14, 156, 93, 89, 147, 122, 76, 87, 82, 32, 132, 36, 112, 53, 153, 125, 12"
372,3,"13, 64, 89, 108, 173, 128, 62, 63, 24, 163, 179, 171, 190, 192, 10, 126, 11, 61, 28, 20, 15, 50, 105"
373,0,"197, 152, 39, 142"
374,0,"97, 181, 94, 82, 15, 26, 100, 50, 41, 156, 158, 149, 11, 96, 153, 110, 118, 124, 152, 31, 8, 36, 14, 182"
374,1,"7, 29, 138, 125, 114, 76, 169, 66, 44, 47, 68, 13, 83, 162, 58, 98, 96, 69, 11, 183, 155, 99, 186, 147, 167, 89, 152, 79, 173, 185, 132, 193, 163, 33, 70, 65"
375,0,"42, 23, 77, 13, 148, 117, 153, 31, 134, 61, 63, 65, 47"
375,1,"165, 42, 197, 139, 70, 98, 32, 161, 100"
375,2,"120, 4, 82, 14, 160, 176, 148, 149, 182, 26, 1, 183, 109"
375,3,"3, 172"
376,0,"102, 88"
379,0,"100, 161, 66, 143, 147"
379,1,"0, 73, 136, 160, 92, 182, 150, 105, 148, 48, 81, 164, 67, 121"
380,0,"150, 191, 46, 45, 193, 124, 171, 31, 151, 8, 51, 125, 167, 198, 143, 101, 73, 28, 74"
380,1,"126, 68, 33, 156, 138, 160, 150, 174, 140, 104, 148, 197, 142"
381,0,"146, 21, 150, 155, 19, 17, 77, 102, 127, 153, 49, 26, 119, 151, 148, 15, 37, 132, 91, 42, 166, 128"
381,1,"145, 46, 164, 131, 9, 75, 161, 77, 162, 4, 48, 73, 197, 136, 127, 15, 84, 112, 86, 94, 150, 122, 19"
381,2,"15, 71, 46, 54, 157, 131, 123, 102, 112, 198, 193, 38, 98, 74"
381,3,"9, 10, 156, 65, 151, 8"
382,0,"89, 82, 164, 41, 103, 187, 172, 193, 15, 97, 100, 94, 190, 64, 182, 35, 155, 122, 133, 125, 70"
382,1,"187, 34, 142, 102, 178, 70, 199, 122, 170, 32, 177, 131, 8, 3, 1, 98, 72, 61, 196, 134, 169, 144, 123, 87, 175, 185"
382,2,"131, 14, 187, 150, 159, 33, 127, 65, 147, 169, 54, 46, 145, 140, 188, 98, 91, 8, 185, 77, 173, 119, 68, 48"
383,0,"82, 98, 45, 21, 22, 176, 75, 3, 151, 157, 128, 8, 105, 149, 172, 102, 69, 173, 48, 152, 15, 142, 35, 54, 24, 44"
383,1,"36, 179, 13, 12, 90, 105, 164, 148, 21, 112, 136, 156, 96, 155, 25, 71, 34, 167, 82, 77, 44, 171, 158, 199, 38, 26"
385,0,"57, 46, 94, 182, 68, 136, 88, 105, 3, 151, 99, 11, 77, 50, 61, 139, 116, 41, 143, 100, 148"
386,0,"24, 135, 26"
386,1,"138, 56"
386,2,"29, 149, 199, 76, 5, 81, 125, 184, 119, 171, 190, 181, 147, 187, 138, 23, 40, 84, 67, 58, 114, 155, 70, 159"
387,0,"26, 145, 113, 148, 79, 73, 10, 15, 12, 152, 181, 193, 69, 100"
387,1,"96, 39, 99, 15, 98, 63, 132, 1, 69, 164, 169, 7, 183, 25, 110, 13, 11, 165"
387,2,"5, 101, 56, 91, 123, 69, 125, 122, 147, 127, 28, 149, 131, 66, 11, 116, 93, 10, 184, 140, 112, 100, 155, 153"
387,3,"125, 100, 96, 183, 77, 128, 65, 15, 39, 73, 139, 28, 150, 13, 25"
387,4,"78, 101, 13"
389,0,"101, 69"
389,1,"41, 127, 132, 68, 60, 62, 1, 156, 48, 28, 193"
390,0,"174, 115, 25, 123, 94, 43, 61, 46, 110, 112, 196, 64, 173, 167, 3, 175, 65, 187, 52, 47, 50"
390,1,"122, 181, 31, 182, 172, 188, 42, 153, 114, 13"
390,2,"98, 21, 148"
391,0,"134, 39, 104, 15, 20, 1, 156, 99, 155, 136, 187, 50, 25, 133, 84, 113, 88, 198, 98, 17"
392,0,"184, 127, 27, 170, 118, 16"
392,1,"183, 124, 137, 40, 87, 21, 136, 10, 99, 187, 2, 181, 197, 149, 97"
393,0,"138, 46, 45, 120, 10, 62"
393,1,"79, 110, 99, 98, 101, 40, 5, 155, 49, 164, 179, 158, 69, 126, 176, 195, 111, 50, 175, 18, 14, 34, 44, 127, 47, 52"
393,2,"132, 24, 162, 184, 33, 190, 103, 82, 128, 160, 27, 147"
393,3,"112, 30"
394,0,"160, 106"
394,1,"91, 57, 99, 19, 98, 173, 188, 187, 15, 171, 155, 46, 137, 94"
394,2,"148, 135, 69, 129, 35, 136, 61, 14, 46, 84, 123, 85, 73, 131, 100, 189, 0, 68, 7, 188"
394,3,"68, 7, 155, 89, 93, 29, 54, 127, 170, 168, 149, 129, 174, 106"
394,4,"171, 46, 61, 118, 198, 151, 14, 93, 174, 136, 153, 84, 87"
396,0,"57, 116, 122, 67, 181, 4"
397,0,"162, 99, 159, 64, 2, 49, 137, 102, 111, 96, 165, 7, 20, 123, 100, 131, 155, 199, 11, 146"
397,1,"169, 99, 95, 155, 97, 187"
397,2,"45, 61, 41, 39, 30, 18, 49, 43, 13, 8, 140, 142, 168, 37, 125, 94, 95, 146, 25, 112, 127, 114, 144, 126"
398,0,"39, 159, 73, 94, 103, 164, 61, 148, 77, 147"
399,0,"131, 75, 125, 176, 34, 83, 171, 69, 194, 148, 15, 37, 168, 63, 132, 152"
399,1,"1, 20, 141"
400,0,"64, 127, 14, 123, 94, 184, 50, 170, 143, 19, 25, 21, 0, 9, 190, 18, 182, 114, 7, 177, 173, 135, 37, 28, 68"
400,1,"125, 199, 71, 122, 160, 177, 14, 2, 139, 89, 44, 153, 86, 171, 185, 83, 179, 148, 101"
401,0,"101, 181, 98, 108, 136, 71"
401,1,"60, 99, 90, 146, 82, 30, 120, 167, 108, 65, 109, 45"
401,2,"91, 182"
402,0,"157, 4, 167, 69, 84, 178, 62, 131, 187, 25, 112, 184, 152, 186, 127, 124, 38, 145, 51, 102, 156, 136, 12"
402,1,"186, 169, 94, 68, 130, 76, 114, 70, 66, 116, 29, 31, 48, 155, 65, 89, 151, 154, 184, 167, 179, 57, 173, 147, 3, 117, 80"
402,2,"68, 94, 117, 115, 171, 13, 105, 72, 179, 93"
402,3,"127, 39, 57, 37, 83, 59, 94, 112, 110, 163, 158, 53, 65, 50, 150, 68, 42"
402,4,"94, 127, 100, 113, 191, 198, 192, 124, 101, 21, 123, 73, 0, 174, 169, 143, 47, 195, 180, 61, 11, 133, 82"
402,5,"183, 2, 181, 168, 145, 166, 72, 69, 19, 57"
404,0,"36, 73, 58"
404,1,"193, 155, 61, 198, 21, 125, 119, 171, 123, 15, 182, 38, 77, 103"
404,2,"99, 13, 60, 19, 62, 109, 75, 182, 7, 50, 25, 197, 65, 132, 160, 134, 4, 73, 77, 199, 174, 59"
404,3,"155, 188, 25, 148, 79, 171, 192, 47, 173, 7, 198, 123, 136, 125, 61, 112, 149, 131, 167, 151"
405,0,"82, 105"
405,1,"148, 41, 37, 60, 100, 128, 115, 126, 18, 132, 199"
405,2,"155, 63, 164, 199"
405,3,"13, 151, 101, 171, 35, 197, 40, 160, 53, 80, 161, 6, 150, 191, 154, 108, 181"
405,4,"67, 149, 134, 105, 152, 7, 87, 175, 77, 83, 3, 6, 32, 49, 106, 16, 188, 62"
406,0,"111, 193, 15, 66, 136, 7, 78, 81, 108, 79, 165, 119, 156, 179, 155, 20, 163, 148, 61, 19"
406,1,"70, 171, 53, 168, 156, 77, 104, 26, 56, 130, 49, 153, 182, 46, 120, 66, 149, 189, 82, 25, 172, 117"
406,2,"101, 137, 29, 2, 40, 172"
406,4,"158, 171, 94, 81"
407,0,"150, 144, 25, 177, 36, 191, 4, 79, 3, 44, 73, 46, 130, 196, 159, 72, 148, 61, 43, 7"
408,0,"41, 36, 7, 101, 89, 95, 37, 156"
408,1,"187, 44, 94, 188, 66, 61, 90, 150"
409,0,"35, 184, 139, 80, 152, 112, 118, 48, 83, 115, 182, 167, 94, 56, 198, 98, 1, 84, 134, 158, 119, 108"
409,1,"104, 77, 155, 56, 15, 12, 127, 103, 187, 135, 99, 100, 110, 82, 162, 175"
409,2,"44, 72, 192, 187, 29, 39, 196, 24, 96, 2"
409,3,"145, 134, 175, 147, 3, 187, 112, 5, 10, 59, 46"
411,0,"90, 131, 199, 121, 194, 77, 68, 184, 46, 132, 101, 173, 150, 50"
411,1,"53, 105, 72, 37, 155"
411,2,"39, 36, 93, 32, 18, 29, 44, 143, 25, 156, 8, 6, 149, 37, 54, 137, 53, 66, 197, 184"
412,0,"7, 123, 125, 194, 57, 174, 12, 44, 134, 152, 63, 101, 4, 187, 81, 70, 151, 72, 116, 171"
412,1,"136, 167, 93, 68, 1, 102, 61, 70, 63, 14"
412,3,"160, 178, 187, 110, 195"
413,0,"59, 48, 160, 193, 163, 181, 5, 74, 82, 2, 51, 165, 157, 122, 26, 171, 87, 92, 131, 153, 152, 21, 172, 191, 62, 96, 85, 84, 6, 145, 77, 189, 104, 125, 10, 136, 178, 170, 38"
416,0,"166, 74, 179, 186, 97, 197, 12, 92, 101, 190, 81, 38, 77, 100, 145, 160, 173, 188, 5, 155, 187, 72, 49"
417,0,"7, 61, 62, 48, 178, 122, 33, 46, 63, 95, 114, 156, 73, 34, 82, 148"
417,1,"25, 24, 189, 14, 151, 155, 150, 68, 40, 48, 15, 71"
417,2,"38, 39, 111, 161, 127, 123, 192, 198"
417,3,"89, 155, 9, 15, 137, 64, 151, 115, 101, 119, 162, 7, 82, 11, 26, 71, 122, 164, 69, 132, 88, 59"
419,0,"120, 184, 127, 141, 132, 155, 24, 189, 100"
420,0,"115, 161, 52, 183, 142, 89, 132, 196, 40, 99, 160, 28, 156, 66, 102, 123, 68, 32, 131, 67, 83, 26, 7"
420,1,"196, 151, 121, 47, 134, 122, 96, 172, 41, 142, 99, 116, 34, 115, 3, 90, 53, 127, 79, 7, 177, 46, 173, 161"
421,0,"151, 89, 99, 135"
421,1,"86, 178, 46, 15, 102"
421,2,"67, 38, 147, 23, 142, 90, 98, 135, 61"
422,0,"104, 88, 84, 91, 164, 189, 171, 47, 13, 147"
423,0,"131, 68, 151, 94, 19, 47, 56, 164, 75, 198, 13, 139, 81, 73, 103, 122, 34, 156, 161, 16, 0, 26, 98"
424,1,"75, 104, 17, 148, 179, 60, 139, 145, 189, 112, 46, 83, 197, 173, 152, 169, 77, 131, 175, 154, 141, 115, 106, 15, 82, 186, 138, 40"
425,0,"102, 75, 7, 73, 126, 57, 72"
425,1,"11, 165, 140, 119, 190"
426,0,"37, 60, 48, 24, 45, 118, 94, 70, 177, 47, 61, 152, 109, 87"
426,1,"69, 138, 148, 32, 100, 164, 179, 180, 48, 128, 14, 61, 15, 115, 95, 152, 135"
427,0,"179, 28, 91, 8, 112, 64, 36, 46, 117, 99"
427,1,"100, 147, 140, 180, 5, 76, 125, 8, 82, 2, 172, 169, 11, 58, 193, 107, 166, 181, 28, 94, 188, 148, 120, 139"
427,2,"33, 173, 10, 19, 161, 96, 146, 70, 46"
428,0,"128, 98, 125, 2, 30, 68"
428,1,"171, 87, 123, 48, 110, 96, 155, 198, 79, 94"
429,0,"145, 105, 7"
431,0,"192, 173, 10, 180, 172, 26, 49, 150, 33, 158, 115, 83, 1, 125, 127, 19, 60, 194"
431,1,"50, 56, 47, 194, 155, 188, 65, 101, 84, 143, 73, 96, 142, 94, 89, 156, 69"
432,0,"185, 61, 28, 177, 147, 94, 161, 46, 125, 171, 89, 139, 15, 68, 109, 38, 165"
432,1,"188, 145, 16, 25, 105, 24, 92, 93, 133, 139, 172, 70, 76, 147, 77"
432,2,"52, 77, 125, 7, 168, 184, 188, 155, 127, 91, 123, 48, 150, 169, 193, 47, 187, 67, 8, 162, 96, 160, 61, 80, 132"
434,0,"121, 64, 94, 97, 100"
435,0,"59, 111, 171, 93, 161, 163, 184, 22, 78, 164"
436,0,"184, 112, 133, 93, 124, 171, 147, 191, 8, 55, 35, 129, 179, 96, 102, 188, 166, 92, 36"
437,0,"38, 139, 98, 150, 47, 197, 155, 7, 172, 162, 46, 117, 161, 188, 13, 90, 148, 77"
437,1,"99, 122, 57, 25, 95, 87, 65, 100, 178, 162, 182, 171, 97, 46, 166, 102, 199, 189, 105, 167, 18, 119, 155, 40, 190"
437,2,"37, 132, 187, 124, 102, 171, 111, 81, 62, 183, 14, 188, 31, 155, 50, 138, 47, 78, 174"
437,3,"125, 108, 18, 198, 61, 7, 15, 131, 142, 32, 0, 117, 82, 122, 143, 182, 6, 115, 196"
439,0,"33, 86, 143, 98, 77, 166, 162, 175, 68, 125, 20, 21, 164, 101, 161, 50, 167, 74, 99"
439,1,"13, 70, 90, 155, 11, 176, 44, 71, 94, 190"
439,2,"159, 136, 143, 54, 7, 127, 134, 17, 98, 5, 105, 33, 123, 13, 175, 51, 46, 184, 147, 173, 77"
439,3,"152, 86, 0, 143"
439,4,"119, 93"
440,0,"61, 55, 108, 125, 129, 77, 136, 68, 13, 66, 132, 128, 47, 124, 86, 169, 105, 148, 107"
440,1,"28, 181, 193, 69, 89, 160, 171, 164"
440,2,"101, 154, 134, 184, 153, 5, 148, 33, 93, 150, 61, 84, 117, 171, 181, 151, 26, 2"
440,3,"100, 132, 70, 89, 68, 167, 191, 24, 196, 125, 73, 184, 61, 112, 86"
441,0,"151, 36, 53, 148"
442,0,"153, 82, 173, 156, 126"
443,0,"145, 192, 56, 170, 119, 109, 24, 5, 101, 169, 102, 62, 116, 41, 18, 189, 171, 155, 53, 148, 59, 198, 40, 46, 44, 131"
443,1,"167, 26, 180, 50, 197, 25, 161, 188"
443,2,"82, 5, 138, 188, 120, 55, 137, 162, 113, 150"
443,3,"99, 94, 90"
443,4,"175, 4, 115, 15, 17, 139"
443,5,"82, 112, 65, 159, 156, 53, 191, 55, 160, 46, 88, 142, 8, 50, 94, 125, 187, 10, 129"
444,0,"127, 119, 82, 151, 174, 27, 106, 139, 123, 94, 195, 131"
445,0,"107, 33"
445,1,"24, 26"
445,2,"182, 173, 93, 155, 156, 190, 161, 139, 136, 45, 42, 168, 87, 50, 38, 152, 71, 73, 70, 61, 148, 131"
446,0,"115, 188, 177, 58, 193, 15, 131, 139, 155, 68, 13, 122, 173, 136, 36, 167, 140, 99, 118"
447,0,"193, 162, 159, 131, 164, 199, 171, 12, 66, 148, 117"
447,1,"3, 147, 129, 131, 158, 121, 24, 102"
447,2,"44, 125, 5, 61, 145, 115, 139, 3, 20, 180, 94, 151, 56, 188, 163, 62, 48, 156, 37, 55, 122, 101, 166, 152, 120, 117, 164, 160, 46, 69, 108, 168, 124, 36, 42, 65, 71, 131, 147, 41, 171, 107, 63, 95"
447,3,"139, 110, 35, 33, 136, 150, 84, 187, 141, 50, 66, 19, 98, 77, 165, 188, 60, 25, 57, 92, 69, 94, 122, 62, 48, 4"
448,0,"98, 131, 155, 122, 146, 25, 152, 66, 160, 34, 84, 43, 193, 151, 194, 56, 55, 135, 127, 21, 153, 161, 86, 11"
449,0,"136, 15, 137, 151, 144, 188, 148, 125, 85, 169, 16, 128, 7, 93, 146, 195, 166"
450,0,"131, 168, 139, 54, 46, 114, 75, 147, 33, 177, 151, 122"
450,1,"187, 184, 19, 0, 10, 199, 73, 18, 38, 20, 94, 89, 7, 15"
450,2,"87, 167, 11, 89, 132, 198, 38, 156, 112, 61, 99, 152, 197, 153, 140, 159, 102, 97, 126"
450,3,"14, 161, 48, 13, 128, 101, 122, 24, 40, 62, 156, 86, 64, 131, 136, 85, 104, 28, 148, 116, 179, 89, 25, 77"
450,4,"156, 89, 18, 131, 40, 25, 87, 112, 81, 160, 101, 99, 149, 100, 145, 63, 152, 117, 84, 184, 179, 195, 13, 151, 61"
450,5,"177, 37, 173, 179, 33"
451,0,"196, 16, 115, 86, 132, 8, 100, 13, 177, 195, 143, 24, 170, 53, 123, 67"
451,1,"28, 156, 7, 55, 35, 188, 147, 25, 94, 177"
453,0,"5, 156"
453,1,"161, 46, 70, 6, 28, 137, 4, 109, 3, 80, 31, 95, 50, 42, 187, 91, 5, 106"
454,0,"29, 65, 67, 152, 6, 106, 177, 44, 156, 81, 18, 164, 55, 75, 199, 178, 63, 17, 13, 132"
454,1,"71, 112, 85, 156, 189, 120, 93, 100, 90, 73, 1, 113, 180, 127, 140, 18, 25, 58, 143, 92, 128, 77, 98, 99, 148"
455,1,"155, 69, 15, 4, 73, 140, 104, 35, 28, 162, 10, 50, 49, 150, 99, 163, 156"
455,2,"132, 7, 15, 124, 81, 162, 136, 99, 178, 42, 128, 139, 53, 174, 89, 17, 2, 59, 161, 18, 144, 127, 175, 188, 170, 57"
455,3,"29, 41, 132, 195, 129, 161"
455,4,"25, 130, 123, 101, 151, 84, 161, 128, 125, 45, 197, 193, 90, 131, 87, 173, 2, 170, 14, 121"
456,0,"125, 199, 70, 155, 188, 179, 197, 123, 18, 115, 149, 66, 10, 177, 183, 16, 43"
456,1,"79, 112, 196, 81, 190, 10, 173, 187, 63, 29, 38, 185, 75, 153, 44, 148, 139, 77, 103, 41, 109, 47, 84"
456,2,"80, 87, 28, 89, 125, 7, 132, 123, 59, 161, 198, 16, 154, 100, 82"
457,0,"6, 122, 139, 65, 109, 56, 61, 50, 188, 97, 146, 7, 89, 112, 82, 40, 184, 57, 48, 11, 105, 161, 19"
457,1,"83, 154, 15, 31"
457,2,"174, 197, 72, 20, 46, 109, 196, 94, 45, 150, 161, 168, 143, 13"
457,3,"14, 33, 30, 58, 126, 188, 5, 11, 91, 96, 98, 17, 19, 61, 53"
458,0,"10, 120, 124, 185, 173, 178, 20, 165, 156, 46, 73, 123, 40, 47, 182, 122, 145, 141, 11, 148, 89, 175, 18"
458,1,"131, 99, 113, 98, 56, 33, 151, 112, 35, 100, 69, 155, 101, 139, 44, 0, 25, 148"
459,0,"101, 55, 93"
459,1,"169, 47, 20, 11, 33, 171, 94, 121, 17, 147, 30, 61, 9, 145, 199, 189, 179, 175, 73, 55, 116, 24"
459,2,"28, 102, 71, 196, 42, 80, 25, 32"
460,0,"77, 106, 122, 181, 56, 185, 8, 128, 123, 44, 86, 156, 140, 153, 98, 117, 187, 155, 198, 52"
460,1,"98, 162, 19, 46, 5, 127, 18, 7, 53, 11, 197"
460,2,"10, 44, 155, 39, 129, 173, 123, 50, 75, 18, 108, 124, 150, 187, 19, 79, 110, 5, 9, 165, 178, 89, 70"
460,3,"83, 188, 94, 152, 36, 65, 44, 187, 106, 123, 70, 66, 146, 140, 92, 21, 73, 132, 195, 145, 198, 143"
462,0,"77, 19, 171, 27, 147, 117, 41, 148"
463,0,"26, 93, 43, 7, 20, 148, 141, 99, 13, 116, 126, 36, 46, 137, 145, 152, 198, 144, 89"
463,1,"100, 89, 96, 190, 128, 61, 10, 17, 185, 9, 5, 44, 12, 0, 33, 184, 78, 177, 139, 172, 15, 38, 162, 11, 116, 134, 164, 68, 107"
463,2,"177, 96, 185, 3, 148, 81, 141, 20, 151, 47, 190, 103, 89, 41"
463,3,"24, 151, 85, 115, 148, 184, 105, 15, 154, 170"
464,0,"7, 76"
464,1,"131, 127, 181, 29, 28, 139, 108, 155, 160, 64, 162, 150, 113, 56, 47, 45, 24, 3, 74, 167, 140, 128, 191, 7, 8, 84"
464,2,"75, 7, 164, 33, 16, 171, 167, 89, 182, 155, 57, 61, 193, 52, 91, 117, 144, 112"
464,3,"122, 52, 139, 44, 194, 22, 99, 156, 111, 54, 68, 171, 56, 25, 110, 3, 46, 124, 107, 84, 160"
464,4,"154, 119, 141, 2, 26"
466,0,"123, 26, 171, 24, 25, 162"
466,1,"86, 94, 46, 197, 147, 173, 91, 10, 0, 132, 99, 70, 38, 17, 101"
468,0,"151, 100, 123, 175"
469,0,"50, 167, 93, 184, 112, 176, 116"
469,1,"5, 179, 171, 73, 120, 181, 148"
470,0,"179, 100, 173, 101, 25, 98, 54, 48, 50, 126, 47, 82, 99, 164, 122, 45, 120, 49, 76, 132"
470,1,"173, 112, 194, 161, 29, 182, 145, 7"
473,0,"152, 98, 77"
473,2,"69, 100"
473,3,"198, 189, 123, 8, 129, 56, 83, 67, 4, 32, 105, 148, 187, 75, 157, 110, 131, 18, 160, 25, 140, 143, 15"
473,4,"197, 136, 193, 4, 139, 83, 155, 62, 122, 187, 127, 181, 47, 77, 71, 177, 61, 159, 91, 188, 99, 131, 15, 179"
474,0,"13, 126, 114, 161, 131, 112, 100, 99, 135, 101, 91, 88, 39, 173, 181, 120, 198, 94, 128, 125, 84, 62, 95, 179, 0, 127"
474,1,"167, 46, 55, 13, 3"
474,2,"175, 4, 152, 141, 77, 136, 181, 15, 121, 70, 170, 161, 198, 13, 132, 124, 56, 171, 115, 191, 11, 99, 47, 87"
475,0,"197, 15, 167, 36, 94, 140, 193, 131, 121"
477,0,"120, 1, 164, 189, 70, 89, 10, 176, 187, 18, 153, 162, 38, 43, 146, 198"
477,1,"132, 39, 140, 70, 94, 36, 127, 33, 147, 171, 65, 47, 85, 139, 44, 41, 136, 100, 62, 152, 112, 182, 73"
477,2,"5, 151, 125, 58"
477,3,"75, 99, 139, 10, 101, 53, 133, 7, 65, 175, 147, 18, 105, 197, 3"
478,0,"93, 143, 101, 179, 87"
478,1,"125, 64, 6, 179"
478,2,"45, 97, 23, 8, 65, 155, 123, 96, 35, 127, 170, 177, 168, 25, 94, 137, 128, 68, 99, 101, 136, 151, 81, 71"
479,0,"15, 25, 58, 174, 102, 190, 68, 135, 150, 52, 136, 148, 76, 109, 128, 69, 62, 156, 191"
479,1,"185, 64, 69, 55, 114, 194, 28, 67"
479,2,"156, 163, 79, 116, 153, 155, 197, 143, 99, 92, 127, 7, 44, 191, 93, 188, 198, 126, 4"
479,3,"15, 94, 20, 1, 160, 73, 40, 12, 155, 84, 79, 177, 106, 123, 179, 141, 38, 132, 99, 70, 142, 63, 3"
479,4,"169, 25, 22, 99, 17, 102, 71, 6, 126, 13, 125, 21, 143, 70, 100, 76, 82, 15, 186, 192, 18, 197, 101"
479,5,"131, 193"
481,0,"109, 11, 61, 57, 13, 4, 37, 80"
482,0,"179, 167, 68, 188, 147, 39, 116, 117, 148, 142, 57, 13, 185, 59, 18, 25, 164, 87, 171, 144, 28"
482,1,"87, 198, 168"
482,2,"39, 182, 3, 15, 54, 161, 56, 112, 7, 53, 13, 188, 197"
482,3,"121, 0, 7"
482,4,"127, 7, 183, 151, 15, 101, 25, 77, 155, 70, 10, 102, 167, 50, 142, 137, 94, 78, 12, 1"
485,0,"8, 168, 41, 164, 170, 45, 145, 116"
485,1,"193, 49, 157, 73, 107, 37, 74, 148"
486,0,"100, 148, 56, 196, 186"
486,1,"90, 92, 94, 163, 119, 28, 52, 117, 149, 77, 84"
487,0,"27, 50, 199, 82, 115, 89, 132, 86, 61, 73, 123, 87, 171, 100, 134, 150, 24, 1, 137, 112, 193, 114, 177, 75"
487,1,"63, 187, 35, 11, 96, 172, 123, 73, 75, 65, 152, 102, 95, 104, 121, 47, 28, 177, 10, 171, 166, 94, 0, 52, 143, 93"
487,2,"28, 132, 102, 112, 80, 153, 7, 108"
488,0,"29, 197, 104, 185, 32"
488,1,"118, 34, 115, 151, 73, 18, 0, 100, 187, 126, 139"
488,2,"173, 131, 120, 109, 127, 57, 150, 158, 136, 145"
489,0,"49, 105, 179"
489,1,"15, 171, 91, 18, 69, 132, 84, 34, 87, 156, 196, 14, 153, 102, 126"
491,0,"148, 100, 174, 155, 134, 181, 154, 118, 85, 10, 124, 34, 183, 197, 7, 25, 141, 42, 15, 182, 61, 113"
491,1,"37, 199, 16, 64, 154, 99, 70, 141, 48, 61, 171, 39, 101, 47"
491,2,"41, 10, 97, 21, 123, 127, 183, 137, 191, 136, 92, 96, 49, 107, 131, 117, 170, 36, 15, 63, 71, 160, 152, 23, 147, 146, 171"
491,3,"47, 79, 119, 109, 120, 131, 65, 82, 77, 89"
491,4,"142, 174, 139, 85, 69, 77, 46, 34, 156, 189, 98, 61, 33, 6, 91, 2, 193, 60, 11, 173, 192"
493,0,"192, 11, 5, 38, 51, 3, 74, 87, 34, 4"
493,1,"193, 35, 162, 174, 198, 17, 61, 155, 49, 1, 29, 10, 142, 139, 110, 122, 102, 52, 93, 13, 101, 169, 148, 45, 70"
493,2,"39, 79, 123, 98, 28, 85"
495,0,"77, 173, 111, 199, 193, 172, 163, 144, 141, 32, 78, 52, 25, 28, 86, 110, 80, 142, 187, 72, 148, 132, 112"
495,1,"155, 53, 107, 102, 131, 171, 190, 162, 58, 89, 81"
495,2,"85, 139, 33, 162, 120, 171, 112, 151, 50, 123"
496,0,"158, 92, 87, 147, 125, 182"
496,1,"26, 141, 87, 65, 40, 199, 70, 140"
496,2,"168, 19, 44, 21, 84, 69, 117, 32, 100, 128, 123, 24"
497,0,"70, 55, 169, 154, 156, 92, 150, 45, 136, 76, 177, 112, 155, 73, 145, 77, 123, 8, 98, 47, 89, 149, 25, 68, 127, 50, 148, 86, 41, 80, 100, 63, 120, 141, 46, 82, 161, 181, 99, 171, 44, 160, 91"
498,0,"182, 118, 131, 156, 166, 62, 91, 151, 52, 63, 60, 123, 168, 10, 29"
499,0,"38, 3, 132, 171, 10, 75, 96, 19, 94, 179, 177, 150, 117, 47, 137, 198, 28, 136, 106, 27, 199, 149, 160, 18"
499,1,"160, 151, 98, 96, 102, 101, 13, 94, 136, 80, 56, 117, 168, 145, 147, 179, 47, 171, 112, 10, 77, 84, 173"
499,2,"164, 131, 61, 18, 73, 188, 25, 7, 96, 34, 56, 53, 171, 54, 10, 76, 99, 198, 148"
